resolution_minutes,fold,model,alpha,term,coefficient_bps_per_feature_sd
5,0,nq_only,1000,nq_direction,0.0859973127872
5,0,nq_only,1000,nq_magnitude,0.0526158333144
5,0,nq_only,1000,nq_aligned_momentum_5m,0.0354188624587
5,0,nq_only,1000,nq_aligned_momentum_15m,-0.0390685772135
5,0,nq_only,1000,nq_aligned_momentum_30m,0.20305541468
5,0,nq_only,1000,nq_aligned_momentum_60m,-0.229504668465
5,0,nq_only,1000,session_sin_1,-0.0462046792887
5,0,nq_only,1000,session_cos_1,0.0389817452777
5,0,nq_only,1000,session_sin_2,0.000242901056949
5,0,nq_only,1000,session_cos_2,-0.0166199412529
5,0,nq_only,1000,weekday_tuesday,0.0812048217558
5,0,nq_only,1000,weekday_wednesday,0.00182240781492
5,0,nq_only,1000,weekday_thursday,0.0160907263837
5,0,nq_only,1000,weekday_friday,-0.00167224841075
5,0,nq_only,1000,intercept,-0.0137771253233
5,0,cross_market,1000,nq_direction,0.0854849385619
5,0,cross_market,1000,nq_magnitude,0.0103135558846
5,0,cross_market,1000,nq_aligned_momentum_5m,0.0231470150642
5,0,cross_market,1000,nq_aligned_momentum_15m,-0.0560636353384
5,0,cross_market,1000,nq_aligned_momentum_30m,0.229341185222
5,0,cross_market,1000,nq_aligned_momentum_60m,-0.260178373478
5,0,cross_market,1000,session_sin_1,-0.0434709891413
5,0,cross_market,1000,session_cos_1,0.0375877613193
5,0,cross_market,1000,session_sin_2,-0.000298574008408
5,0,cross_market,1000,session_cos_2,-0.0157433255173
5,0,cross_market,1000,weekday_tuesday,0.0822656137761
5,0,cross_market,1000,weekday_wednesday,0.0038446941954
5,0,cross_market,1000,weekday_thursday,0.0186017903007
5,0,cross_market,1000,weekday_friday,0.00120217416603
5,0,cross_market,1000,btc_magnitude,-0.0708973112071
5,0,cross_market,1000,btc_aligned_momentum_5m,0.0191532407975
5,0,cross_market,1000,btc_aligned_momentum_15m,0.0911702924728
5,0,cross_market,1000,btc_aligned_momentum_30m,-0.137730040557
5,0,cross_market,1000,btc_aligned_momentum_60m,0.120371463231
5,0,cross_market,1000,coherence_15m,0.060445659927
5,0,cross_market,1000,coherence_30m,-0.0331338974165
5,0,cross_market,1000,coherence_60m,-0.00489505788252
5,0,cross_market,1000,joint_intensity,0.0921402004091
5,0,cross_market,1000,magnitude_balance,0.019398758488
5,0,cross_market,1000,absolute_magnitude_balance,0.0272582779677
5,0,cross_market,1000,intercept,-0.0137771253233
5,1,nq_only,1000,nq_direction,0.0684596922166
5,1,nq_only,1000,nq_magnitude,0.0937966943534
5,1,nq_only,1000,nq_aligned_momentum_5m,-0.0983311750477
5,1,nq_only,1000,nq_aligned_momentum_15m,0.0282004985059
5,1,nq_only,1000,nq_aligned_momentum_30m,0.155375687384
5,1,nq_only,1000,nq_aligned_momentum_60m,-0.199081286764
5,1,nq_only,1000,session_sin_1,-0.0518739222789
5,1,nq_only,1000,session_cos_1,0.0625452680877
5,1,nq_only,1000,session_sin_2,-0.00105344684892
5,1,nq_only,1000,session_cos_2,0.0201545166113
5,1,nq_only,1000,weekday_tuesday,0.0773841607621
5,1,nq_only,1000,weekday_wednesday,0.0150558543506
5,1,nq_only,1000,weekday_thursday,0.0334192775305
5,1,nq_only,1000,weekday_friday,0.0133414329463
5,1,nq_only,1000,intercept,0.00137445762015
5,1,cross_market,1000,nq_direction,0.0683375985288
5,1,cross_market,1000,nq_magnitude,0.0465737520299
5,1,cross_market,1000,nq_aligned_momentum_5m,-0.0998914547024
5,1,cross_market,1000,nq_aligned_momentum_15m,0.0241854311017
5,1,cross_market,1000,nq_aligned_momentum_30m,0.175332280918
5,1,cross_market,1000,nq_aligned_momentum_60m,-0.235630369948
5,1,cross_market,1000,session_sin_1,-0.0533857778039
5,1,cross_market,1000,session_cos_1,0.0621966864044
5,1,cross_market,1000,session_sin_2,-0.00384754235228
5,1,cross_market,1000,session_cos_2,0.0215112348014
5,1,cross_market,1000,weekday_tuesday,0.0780118443086
5,1,cross_market,1000,weekday_wednesday,0.0170684949749
5,1,cross_market,1000,weekday_thursday,0.0346110063302
5,1,cross_market,1000,weekday_friday,0.0144122348026
5,1,cross_market,1000,btc_magnitude,0.0166208376932
5,1,cross_market,1000,btc_aligned_momentum_5m,-0.0490906146945
5,1,cross_market,1000,btc_aligned_momentum_15m,0.0295652862265
5,1,cross_market,1000,btc_aligned_momentum_30m,-0.0992199514032
5,1,cross_market,1000,btc_aligned_momentum_60m,0.139525949419
5,1,cross_market,1000,coherence_15m,0.0582382179813
5,1,cross_market,1000,coherence_30m,-0.0182830382592
5,1,cross_market,1000,coherence_60m,-0.00583259382678
5,1,cross_market,1000,joint_intensity,0.0633941129792
5,1,cross_market,1000,magnitude_balance,-0.0122499373567
5,1,cross_market,1000,absolute_magnitude_balance,0.0461410000042
5,1,cross_market,1000,intercept,0.00137445762015
5,2,nq_only,1000,nq_direction,0.0547576900987
5,2,nq_only,1000,nq_magnitude,0.0318915550642
5,2,nq_only,1000,nq_aligned_momentum_5m,0.000956764487296
5,2,nq_only,1000,nq_aligned_momentum_15m,0.0214853986049
5,2,nq_only,1000,nq_aligned_momentum_30m,0.158814146375
5,2,nq_only,1000,nq_aligned_momentum_60m,-0.207365000915
5,2,nq_only,1000,session_sin_1,-0.0375296352603
5,2,nq_only,1000,session_cos_1,0.0533751358576
5,2,nq_only,1000,session_sin_2,0.0299706463682
5,2,nq_only,1000,session_cos_2,0.0262883551724
5,2,nq_only,1000,weekday_tuesday,0.0610984005523
5,2,nq_only,1000,weekday_wednesday,0.00351008355615
5,2,nq_only,1000,weekday_thursday,0.0248757417856
5,2,nq_only,1000,weekday_friday,-1.86706141195e-05
5,2,nq_only,1000,intercept,-0.00232622438241
5,2,cross_market,1000,nq_direction,0.0540070753045
5,2,cross_market,1000,nq_magnitude,-0.0251657698418
5,2,cross_market,1000,nq_aligned_momentum_5m,-0.0243151457365
5,2,cross_market,1000,nq_aligned_momentum_15m,0.0259011383184
5,2,cross_market,1000,nq_aligned_momentum_30m,0.177256105501
5,2,cross_market,1000,nq_aligned_momentum_60m,-0.255518943467
5,2,cross_market,1000,session_sin_1,-0.0357959173258
5,2,cross_market,1000,session_cos_1,0.0524731214124
5,2,cross_market,1000,session_sin_2,0.0284210215134
5,2,cross_market,1000,session_cos_2,0.0269278035463
5,2,cross_market,1000,weekday_tuesday,0.0636024747846
5,2,cross_market,1000,weekday_wednesday,0.00685674101094
5,2,cross_market,1000,weekday_thursday,0.0283332677165
5,2,cross_market,1000,weekday_friday,0.00342638506848
5,2,cross_market,1000,btc_magnitude,-0.0319025543768
5,2,cross_market,1000,btc_aligned_momentum_5m,0.0192462048244
5,2,cross_market,1000,btc_aligned_momentum_15m,-0.0111212558798
5,2,cross_market,1000,btc_aligned_momentum_30m,-0.0897312282387
5,2,cross_market,1000,btc_aligned_momentum_60m,0.173497476831
5,2,cross_market,1000,coherence_15m,0.0604787644332
5,2,cross_market,1000,coherence_30m,-0.0391885860441
5,2,cross_market,1000,coherence_60m,0.0175658128003
5,2,cross_market,1000,joint_intensity,0.1042230808
5,2,cross_market,1000,magnitude_balance,-0.00145458036319
5,2,cross_market,1000,absolute_magnitude_balance,0.0259074390217
5,2,cross_market,1000,intercept,-0.00232622438241
5,3,nq_only,1000,nq_direction,0.0312656482493
5,3,nq_only,1000,nq_magnitude,0.0471144306639
5,3,nq_only,1000,nq_aligned_momentum_5m,-0.00395725573878
5,3,nq_only,1000,nq_aligned_momentum_15m,-0.0275674785203
5,3,nq_only,1000,nq_aligned_momentum_30m,0.16585946324
5,3,nq_only,1000,nq_aligned_momentum_60m,-0.190187902174
5,3,nq_only,1000,session_sin_1,-0.0389506727406
5,3,nq_only,1000,session_cos_1,0.0636176075859
5,3,nq_only,1000,session_sin_2,0.0370625589992
5,3,nq_only,1000,session_cos_2,0.0190326105766
5,3,nq_only,1000,weekday_tuesday,0.0577530557568
5,3,nq_only,1000,weekday_wednesday,-0.000890570323679
5,3,nq_only,1000,weekday_thursday,0.0198465586809
5,3,nq_only,1000,weekday_friday,-0.0133694196102
5,3,nq_only,1000,intercept,0.0120022800347
5,3,cross_market,1000,nq_direction,0.0305585110382
5,3,cross_market,1000,nq_magnitude,0.00643096400442
5,3,cross_market,1000,nq_aligned_momentum_5m,-0.0364013342703
5,3,cross_market,1000,nq_aligned_momentum_15m,-0.0183491706583
5,3,cross_market,1000,nq_aligned_momentum_30m,0.175139828573
5,3,cross_market,1000,nq_aligned_momentum_60m,-0.22741754736
5,3,cross_market,1000,session_sin_1,-0.0360025125734
5,3,cross_market,1000,session_cos_1,0.0629076805201
5,3,cross_market,1000,session_sin_2,0.0362453397593
5,3,cross_market,1000,session_cos_2,0.0194758281366
5,3,cross_market,1000,weekday_tuesday,0.0591255257529
5,3,cross_market,1000,weekday_wednesday,0.00178069231233
5,3,cross_market,1000,weekday_thursday,0.0230698147821
5,3,cross_market,1000,weekday_friday,-0.011170955626
5,3,cross_market,1000,btc_magnitude,-0.0420472790241
5,3,cross_market,1000,btc_aligned_momentum_5m,0.0588364314797
5,3,cross_market,1000,btc_aligned_momentum_15m,-0.0284822227616
5,3,cross_market,1000,btc_aligned_momentum_30m,-0.0481882100415
5,3,cross_market,1000,btc_aligned_momentum_60m,0.130077360753
5,3,cross_market,1000,coherence_15m,0.0640069675422
5,3,cross_market,1000,coherence_30m,-0.0500685971277
5,3,cross_market,1000,coherence_60m,0.0111728274623
5,3,cross_market,1000,joint_intensity,0.0676170467871
5,3,cross_market,1000,magnitude_balance,-0.0308499118617
5,3,cross_market,1000,absolute_magnitude_balance,-0.000778499822326
5,3,cross_market,1000,intercept,0.0120022800347
5,4,nq_only,1000,nq_direction,0.0097967906023
5,4,nq_only,1000,nq_magnitude,0.0760797739906
5,4,nq_only,1000,nq_aligned_momentum_5m,-0.283823019708
5,4,nq_only,1000,nq_aligned_momentum_15m,-0.0496184284403
5,4,nq_only,1000,nq_aligned_momentum_30m,0.267142470191
5,4,nq_only,1000,nq_aligned_momentum_60m,-0.104722823518
5,4,nq_only,1000,session_sin_1,-0.0158477918711
5,4,nq_only,1000,session_cos_1,0.0605395645407
5,4,nq_only,1000,session_sin_2,-0.0170858589259
5,4,nq_only,1000,session_cos_2,0.024390620343
5,4,nq_only,1000,weekday_tuesday,0.0545321634176
5,4,nq_only,1000,weekday_wednesday,-0.0320637027172
5,4,nq_only,1000,weekday_thursday,-0.0125790428255
5,4,nq_only,1000,weekday_friday,-0.0384974214632
5,4,nq_only,1000,intercept,0.0285848052534
5,4,cross_market,0.01,nq_direction,0.00543707519225
5,4,cross_market,0.01,nq_magnitude,-0.46941259327
5,4,cross_market,0.01,nq_aligned_momentum_5m,-0.528329365623
5,4,cross_market,0.01,nq_aligned_momentum_15m,-0.0589390170677
5,4,cross_market,0.01,nq_aligned_momentum_30m,0.355642898088
5,4,cross_market,0.01,nq_aligned_momentum_60m,-0.17272429699
5,4,cross_market,0.01,session_sin_1,-0.0085404891722
5,4,cross_market,0.01,session_cos_1,0.064570316716
5,4,cross_market,0.01,session_sin_2,-0.0231108980298
5,4,cross_market,0.01,session_cos_2,0.022037599834
5,4,cross_market,0.01,weekday_tuesday,0.0652957998456
5,4,cross_market,0.01,weekday_wednesday,-0.0183756677827
5,4,cross_market,0.01,weekday_thursday,0.00240749435232
5,4,cross_market,0.01,weekday_friday,-0.0267970248106
5,4,cross_market,0.01,btc_magnitude,-0.41231179605
5,4,cross_market,0.01,btc_aligned_momentum_5m,0.114291130216
5,4,cross_market,0.01,btc_aligned_momentum_15m,-0.0208486434637
5,4,cross_market,0.01,btc_aligned_momentum_30m,-0.120090115781
5,4,cross_market,0.01,btc_aligned_momentum_60m,0.150883500399
5,4,cross_market,0.01,coherence_15m,0.0286667012237
5,4,cross_market,0.01,coherence_30m,-0.0736105558718
5,4,cross_market,0.01,coherence_60m,0.0752143480875
5,4,cross_market,0.01,joint_intensity,0.957136634935
5,4,cross_market,0.01,magnitude_balance,-0.117954084535
5,4,cross_market,0.01,absolute_magnitude_balance,0.0950662430018
5,4,cross_market,0.01,intercept,0.0285848052534
5,5,nq_only,1000,nq_direction,-0.00142792958564
5,5,nq_only,1000,nq_magnitude,0.00924742855922
5,5,nq_only,1000,nq_aligned_momentum_5m,-0.141331863487
5,5,nq_only,1000,nq_aligned_momentum_15m,-0.101332677416
5,5,nq_only,1000,nq_aligned_momentum_30m,0.323559591381
5,5,nq_only,1000,nq_aligned_momentum_60m,-0.14593477952
5,5,nq_only,1000,session_sin_1,-0.0176945614487
5,5,nq_only,1000,session_cos_1,0.0503334055392
5,5,nq_only,1000,session_sin_2,-0.00904536384565
5,5,nq_only,1000,session_cos_2,0.02406212821
5,5,nq_only,1000,weekday_tuesday,0.0551578750612
5,5,nq_only,1000,weekday_wednesday,-0.0158259029109
5,5,nq_only,1000,weekday_thursday,-0.00243558458768
5,5,nq_only,1000,weekday_friday,-0.0407557473952
5,5,nq_only,1000,intercept,0.0451064213272
5,5,cross_market,0.01,nq_direction,-0.00601188095141
5,5,cross_market,0.01,nq_magnitude,-0.583230481858
5,5,cross_market,0.01,nq_aligned_momentum_5m,-0.310515741809
5,5,cross_market,0.01,nq_aligned_momentum_15m,-0.126129219763
5,5,cross_market,0.01,nq_aligned_momentum_30m,0.419566650494
5,5,cross_market,0.01,nq_aligned_momentum_60m,-0.219563566394
5,5,cross_market,0.01,session_sin_1,-0.0170284758991
5,5,cross_market,0.01,session_cos_1,0.0542875677121
5,5,cross_market,0.01,session_sin_2,-0.018226526327
5,5,cross_market,0.01,session_cos_2,0.0222147199576
5,5,cross_market,0.01,weekday_tuesday,0.0669031369131
5,5,cross_market,0.01,weekday_wednesday,-0.00041319634473
5,5,cross_market,0.01,weekday_thursday,0.0126451548629
5,5,cross_market,0.01,weekday_friday,-0.0278857623471
5,5,cross_market,0.01,btc_magnitude,-0.268924718334
5,5,cross_market,0.01,btc_aligned_momentum_5m,-0.0325165066204
5,5,cross_market,0.01,btc_aligned_momentum_15m,-0.00789596011721
5,5,cross_market,0.01,btc_aligned_momentum_30m,-0.114119442217
5,5,cross_market,0.01,btc_aligned_momentum_60m,0.146067555775
5,5,cross_market,0.01,coherence_15m,0.0178058150384
5,5,cross_market,0.01,coherence_30m,-0.0725848208458
5,5,cross_market,0.01,coherence_60m,0.0570779188748
5,5,cross_market,0.01,joint_intensity,0.944492386758
5,5,cross_market,0.01,magnitude_balance,-0.120093338546
5,5,cross_market,0.01,absolute_magnitude_balance,0.102502610825
5,5,cross_market,0.01,intercept,0.0451064213272
5,6,nq_only,1000,nq_direction,0.00296031939961
5,6,nq_only,1000,nq_magnitude,0.0188137875588
5,6,nq_only,1000,nq_aligned_momentum_5m,-0.131605257071
5,6,nq_only,1000,nq_aligned_momentum_15m,-0.110491758521
5,6,nq_only,1000,nq_aligned_momentum_30m,0.297734538289
5,6,nq_only,1000,nq_aligned_momentum_60m,-0.128828104346
5,6,nq_only,1000,session_sin_1,-0.0253814337877
5,6,nq_only,1000,session_cos_1,0.0307950951497
5,6,nq_only,1000,session_sin_2,-0.00691232589396
5,6,nq_only,1000,session_cos_2,0.0335772374594
5,6,nq_only,1000,weekday_tuesday,0.058642415099
5,6,nq_only,1000,weekday_wednesday,-0.0102994043512
5,6,nq_only,1000,weekday_thursday,-0.00188547588714
5,6,nq_only,1000,weekday_friday,-0.0418061930638
5,6,nq_only,1000,intercept,0.0324232213635
5,6,cross_market,0.01,nq_direction,-0.000699070721718
5,6,cross_market,0.01,nq_magnitude,-0.533442600345
5,6,cross_market,0.01,nq_aligned_momentum_5m,-0.289909473731
5,6,cross_market,0.01,nq_aligned_momentum_15m,-0.128907003116
5,6,cross_market,0.01,nq_aligned_momentum_30m,0.375806490064
5,6,cross_market,0.01,nq_aligned_momentum_60m,-0.191312804223
5,6,cross_market,0.01,session_sin_1,-0.0250056483741
5,6,cross_market,0.01,session_cos_1,0.0335930608865
5,6,cross_market,0.01,session_sin_2,-0.0157364958633
5,6,cross_market,0.01,session_cos_2,0.0318852646594
5,6,cross_market,0.01,weekday_tuesday,0.0689231112573
5,6,cross_market,0.01,weekday_wednesday,0.00475418479542
5,6,cross_market,0.01,weekday_thursday,0.0121387974245
5,6,cross_market,0.01,weekday_friday,-0.0305963419873
5,6,cross_market,0.01,btc_magnitude,-0.253312910892
5,6,cross_market,0.01,btc_aligned_momentum_5m,-0.0234539373734
5,6,cross_market,0.01,btc_aligned_momentum_15m,-0.0198340037615
5,6,cross_market,0.01,btc_aligned_momentum_30m,-0.0883491456322
5,6,cross_market,0.01,btc_aligned_momentum_60m,0.126717686097
5,6,cross_market,0.01,coherence_15m,0.0161041974977
5,6,cross_market,0.01,coherence_30m,-0.0621568967498
5,6,cross_market,0.01,coherence_60m,0.0430305480595
5,6,cross_market,0.01,joint_intensity,0.884609589171
5,6,cross_market,0.01,magnitude_balance,-0.11128368588
5,6,cross_market,0.01,absolute_magnitude_balance,0.0877137630653
5,6,cross_market,0.01,intercept,0.0324232213635
5,7,nq_only,1000,nq_direction,0.00316350893869
5,7,nq_only,1000,nq_magnitude,0.0204025719498
5,7,nq_only,1000,nq_aligned_momentum_5m,-0.125739464331
5,7,nq_only,1000,nq_aligned_momentum_15m,-0.102947201472
5,7,nq_only,1000,nq_aligned_momentum_30m,0.290949450555
5,7,nq_only,1000,nq_aligned_momentum_60m,-0.13338620168
5,7,nq_only,1000,session_sin_1,-0.0292883194832
5,7,nq_only,1000,session_cos_1,0.0331554981378
5,7,nq_only,1000,session_sin_2,-0.00495276528538
5,7,nq_only,1000,session_cos_2,0.0383106877566
5,7,nq_only,1000,weekday_tuesday,0.0581996447389
5,7,nq_only,1000,weekday_wednesday,-0.0112866286225
5,7,nq_only,1000,weekday_thursday,0.00380202848321
5,7,nq_only,1000,weekday_friday,-0.0330881349655
5,7,nq_only,1000,intercept,0.0346239920841
5,7,cross_market,1000,nq_direction,3.66796937837e-05
5,7,cross_market,1000,nq_magnitude,-0.292092666054
5,7,cross_market,1000,nq_aligned_momentum_5m,-0.235570969323
5,7,cross_market,1000,nq_aligned_momentum_15m,-0.100377114813
5,7,cross_market,1000,nq_aligned_momentum_30m,0.30944290627
5,7,cross_market,1000,nq_aligned_momentum_60m,-0.160064119613
5,7,cross_market,1000,session_sin_1,-0.0285986562076
5,7,cross_market,1000,session_cos_1,0.0339500633726
5,7,cross_market,1000,session_sin_2,-0.0111063907568
5,7,cross_market,1000,session_cos_2,0.0361768603387
5,7,cross_market,1000,weekday_tuesday,0.0635586209164
5,7,cross_market,1000,weekday_wednesday,-0.000425538631426
5,7,cross_market,1000,weekday_thursday,0.0141398933555
5,7,cross_market,1000,weekday_friday,-0.0255240232145
5,7,cross_market,1000,btc_magnitude,-0.050645206289
5,7,cross_market,1000,btc_aligned_momentum_5m,-0.0218473136271
5,7,cross_market,1000,btc_aligned_momentum_15m,-0.0209399993066
5,7,cross_market,1000,btc_aligned_momentum_30m,-0.0675736545815
5,7,cross_market,1000,btc_aligned_momentum_60m,0.101451474751
5,7,cross_market,1000,coherence_15m,0.0134599189746
5,7,cross_market,1000,coherence_30m,-0.0639140009471
5,7,cross_market,1000,coherence_60m,0.0400161117009
5,7,cross_market,1000,joint_intensity,0.488777030413
5,7,cross_market,1000,magnitude_balance,-0.113575357148
5,7,cross_market,1000,absolute_magnitude_balance,0.0153651197374
5,7,cross_market,1000,intercept,0.0346239920841
5,8,nq_only,1000,nq_direction,-0.00147725100826
5,8,nq_only,1000,nq_magnitude,0.0218132408092
5,8,nq_only,1000,nq_aligned_momentum_5m,-0.119729736603
5,8,nq_only,1000,nq_aligned_momentum_15m,-0.0967333175525
5,8,nq_only,1000,nq_aligned_momentum_30m,0.273193692279
5,8,nq_only,1000,nq_aligned_momentum_60m,-0.125939256272
5,8,nq_only,1000,session_sin_1,-0.0208394189344
5,8,nq_only,1000,session_cos_1,0.0363437473409
5,8,nq_only,1000,session_sin_2,0.00503204187058
5,8,nq_only,1000,session_cos_2,0.0280773522046
5,8,nq_only,1000,weekday_tuesday,0.0565924411104
5,8,nq_only,1000,weekday_wednesday,-0.0121480907469
5,8,nq_only,1000,weekday_thursday,-0.0119089049647
5,8,nq_only,1000,weekday_friday,-0.0353805845922
5,8,nq_only,1000,intercept,0.0353763579862
5,8,cross_market,1000,nq_direction,-0.00403090748775
5,8,cross_market,1000,nq_magnitude,-0.296116441073
5,8,cross_market,1000,nq_aligned_momentum_5m,-0.232727657308
5,8,cross_market,1000,nq_aligned_momentum_15m,-0.0962053597436
5,8,cross_market,1000,nq_aligned_momentum_30m,0.290856087343
5,8,cross_market,1000,nq_aligned_momentum_60m,-0.14963686569
5,8,cross_market,1000,session_sin_1,-0.0187141289479
5,8,cross_market,1000,session_cos_1,0.0365542728516
5,8,cross_market,1000,session_sin_2,-0.000838877610531
5,8,cross_market,1000,session_cos_2,0.0262193151762
5,8,cross_market,1000,weekday_tuesday,0.0609318850406
5,8,cross_market,1000,weekday_wednesday,-0.00181808171386
5,8,cross_market,1000,weekday_thursday,-0.00284931146327
5,8,cross_market,1000,weekday_friday,-0.0286774267712
5,8,cross_market,1000,btc_magnitude,-0.0953339993415
5,8,cross_market,1000,btc_aligned_momentum_5m,-0.00110509180508
5,8,cross_market,1000,btc_aligned_momentum_15m,-0.0131409885303
5,8,cross_market,1000,btc_aligned_momentum_30m,-0.0640124267925
5,8,cross_market,1000,btc_aligned_momentum_60m,0.0931543964619
5,8,cross_market,1000,coherence_15m,0.017867349272
5,8,cross_market,1000,coherence_30m,-0.0557782424317
5,8,cross_market,1000,coherence_60m,0.0283021543897
5,8,cross_market,1000,joint_intensity,0.505318390469
5,8,cross_market,1000,magnitude_balance,-0.115745173272
5,8,cross_market,1000,absolute_magnitude_balance,0.019116259336
5,8,cross_market,1000,intercept,0.0353763579862
5,9,nq_only,1000,nq_direction,0.000712320911171
5,9,nq_only,1000,nq_magnitude,0.0235221043988
5,9,nq_only,1000,nq_aligned_momentum_5m,-0.119872486257
5,9,nq_only,1000,nq_aligned_momentum_15m,-0.0930982019913
5,9,nq_only,1000,nq_aligned_momentum_30m,0.263763790755
5,9,nq_only,1000,nq_aligned_momentum_60m,-0.122356524342
5,9,nq_only,1000,session_sin_1,-0.0159515020315
5,9,nq_only,1000,session_cos_1,0.0393813757398
5,9,nq_only,1000,session_sin_2,0.00778976792363
5,9,nq_only,1000,session_cos_2,0.0288215319951
5,9,nq_only,1000,weekday_tuesday,0.0559479347845
5,9,nq_only,1000,weekday_wednesday,-0.0128447737664
5,9,nq_only,1000,weekday_thursday,-0.00817273647917
5,9,nq_only,1000,weekday_friday,-0.0329660779365
5,9,nq_only,1000,intercept,0.0387405647591
5,9,cross_market,0.01,nq_direction,-0.00224862246175
5,9,cross_market,0.01,nq_magnitude,-0.498325125358
5,9,cross_market,0.01,nq_aligned_momentum_5m,-0.266594341487
5,9,cross_market,0.01,nq_aligned_momentum_15m,-0.111071678704
5,9,cross_market,0.01,nq_aligned_momentum_30m,0.325741962387
5,9,cross_market,0.01,nq_aligned_momentum_60m,-0.169838555736
5,9,cross_market,0.01,session_sin_1,-0.0140133398838
5,9,cross_market,0.01,session_cos_1,0.0414823451801
5,9,cross_market,0.01,session_sin_2,0.00200214703291
5,9,cross_market,0.01,session_cos_2,0.0271747671392
5,9,cross_market,0.01,weekday_tuesday,0.0630788888833
5,9,cross_market,0.01,weekday_wednesday,-0.00130297853806
5,9,cross_market,0.01,weekday_thursday,0.00145888095248
5,9,cross_market,0.01,weekday_friday,-0.0249634748152
5,9,cross_market,0.01,btc_magnitude,-0.296313397444
5,9,cross_market,0.01,btc_aligned_momentum_5m,0.0113825971598
5,9,cross_market,0.01,btc_aligned_momentum_15m,0.00136580717833
5,9,cross_market,0.01,btc_aligned_momentum_30m,-0.0836155432015
5,9,cross_market,0.01,btc_aligned_momentum_60m,0.106941252187
5,9,cross_market,0.01,coherence_15m,0.0147640771671
5,9,cross_market,0.01,coherence_30m,-0.0568473805697
5,9,cross_market,0.01,coherence_60m,0.0375579397995
5,9,cross_market,0.01,joint_intensity,0.841056866325
5,9,cross_market,0.01,magnitude_balance,-0.10635752682
5,9,cross_market,0.01,absolute_magnitude_balance,0.0958603432748
5,9,cross_market,0.01,intercept,0.0387405647591
5,10,nq_only,1000,nq_direction,0.00258486603902
5,10,nq_only,1000,nq_magnitude,0.00255142480079
5,10,nq_only,1000,nq_aligned_momentum_5m,-0.104165823896
5,10,nq_only,1000,nq_aligned_momentum_15m,-0.0899481277964
5,10,nq_only,1000,nq_aligned_momentum_30m,0.255956354912
5,10,nq_only,1000,nq_aligned_momentum_60m,-0.116239257969
5,10,nq_only,1000,session_sin_1,-0.0118455375293
5,10,nq_only,1000,session_cos_1,0.0317747563893
5,10,nq_only,1000,session_sin_2,0.0100211231083
5,10,nq_only,1000,session_cos_2,0.0364660692003
5,10,nq_only,1000,weekday_tuesday,0.0534823175724
5,10,nq_only,1000,weekday_wednesday,-0.0133411997861
5,10,nq_only,1000,weekday_thursday,-0.00344003975853
5,10,nq_only,1000,weekday_friday,-0.033569496032
5,10,nq_only,1000,intercept,0.0529475447572
5,10,cross_market,1000,nq_direction,0.000380565995753
5,10,cross_market,1000,nq_magnitude,-0.2695872217
5,10,cross_market,1000,nq_aligned_momentum_5m,-0.194196454151
5,10,cross_market,1000,nq_aligned_momentum_15m,-0.0871371907849
5,10,cross_market,1000,nq_aligned_momentum_30m,0.267944084762
5,10,cross_market,1000,nq_aligned_momentum_60m,-0.139813237974
5,10,cross_market,1000,session_sin_1,-0.0104947938617
5,10,cross_market,1000,session_cos_1,0.0324453620718
5,10,cross_market,1000,session_sin_2,0.00635270832198
5,10,cross_market,1000,session_cos_2,0.0350661642754
5,10,cross_market,1000,weekday_tuesday,0.0571002175409
5,10,cross_market,1000,weekday_wednesday,-0.00512648037729
5,10,cross_market,1000,weekday_thursday,0.00219391867515
5,10,cross_market,1000,weekday_friday,-0.0281999408042
5,10,cross_market,1000,btc_magnitude,-0.0557904714587
5,10,cross_market,1000,btc_aligned_momentum_5m,0.00785928322646
5,10,cross_market,1000,btc_aligned_momentum_15m,-0.0158125815369
5,10,cross_market,1000,btc_aligned_momentum_30m,-0.0385829254675
5,10,cross_market,1000,btc_aligned_momentum_60m,0.0835546023602
5,10,cross_market,1000,coherence_15m,0.00841866762537
5,10,cross_market,1000,coherence_30m,-0.0418606901062
5,10,cross_market,1000,coherence_60m,0.0305496180041
5,10,cross_market,1000,joint_intensity,0.39972054008
5,10,cross_market,1000,magnitude_balance,-0.124508067865
5,10,cross_market,1000,absolute_magnitude_balance,0.00905720495682
5,10,cross_market,1000,intercept,0.0529475447572
5,11,nq_only,1000,nq_direction,-0.00597266824909
5,11,nq_only,1000,nq_magnitude,0.0144583352045
5,11,nq_only,1000,nq_aligned_momentum_5m,-0.0832307466494
5,11,nq_only,1000,nq_aligned_momentum_15m,-0.110094376434
5,11,nq_only,1000,nq_aligned_momentum_30m,0.245570020434
5,11,nq_only,1000,nq_aligned_momentum_60m,-0.116234530118
5,11,nq_only,1000,session_sin_1,-0.0081253357303
5,11,nq_only,1000,session_cos_1,0.0202272313701
5,11,nq_only,1000,session_sin_2,0.00851265513063
5,11,nq_only,1000,session_cos_2,0.0401523004097
5,11,nq_only,1000,weekday_tuesday,0.0525833597331
5,11,nq_only,1000,weekday_wednesday,-0.00414850082602
5,11,nq_only,1000,weekday_thursday,0.00198519815436
5,11,nq_only,1000,weekday_friday,-0.0346167772748
5,11,nq_only,1000,intercept,0.048874587302
5,11,cross_market,1000,nq_direction,-0.00720305482566
5,11,cross_market,1000,nq_magnitude,-0.257943734898
5,11,cross_market,1000,nq_aligned_momentum_5m,-0.168096518376
5,11,cross_market,1000,nq_aligned_momentum_15m,-0.104540317873
5,11,cross_market,1000,nq_aligned_momentum_30m,0.256839760744
5,11,cross_market,1000,nq_aligned_momentum_60m,-0.145154525663
5,11,cross_market,1000,session_sin_1,-0.00527664676634
5,11,cross_market,1000,session_cos_1,0.02101253376
5,11,cross_market,1000,session_sin_2,0.00448516296831
5,11,cross_market,1000,session_cos_2,0.0384807027253
5,11,cross_market,1000,weekday_tuesday,0.0558105929902
5,11,cross_market,1000,weekday_wednesday,0.00371484097718
5,11,cross_market,1000,weekday_thursday,0.00830536328346
5,11,cross_market,1000,weekday_friday,-0.0311043994626
5,11,cross_market,1000,btc_magnitude,-0.0893982704427
5,11,cross_market,1000,btc_aligned_momentum_5m,0.0274293109835
5,11,cross_market,1000,btc_aligned_momentum_15m,-0.0223163465214
5,11,cross_market,1000,btc_aligned_momentum_30m,-0.036304950202
5,11,cross_market,1000,btc_aligned_momentum_60m,0.0946704301104
5,11,cross_market,1000,coherence_15m,-0.00478063734026
5,11,cross_market,1000,coherence_30m,-0.024458288682
5,11,cross_market,1000,coherence_60m,0.0121164783001
5,11,cross_market,1000,joint_intensity,0.410055637867
5,11,cross_market,1000,magnitude_balance,-0.106907604413
5,11,cross_market,1000,absolute_magnitude_balance,0.0123478006162
5,11,cross_market,1000,intercept,0.048874587302
5,12,nq_only,1000,nq_direction,-0.00148551749385
5,12,nq_only,1000,nq_magnitude,0.00249104998122
5,12,nq_only,1000,nq_aligned_momentum_5m,-0.0634241303897
5,12,nq_only,1000,nq_aligned_momentum_15m,-0.104321640726
5,12,nq_only,1000,nq_aligned_momentum_30m,0.240065682384
5,12,nq_only,1000,nq_aligned_momentum_60m,-0.113878184239
5,12,nq_only,1000,session_sin_1,-0.00848042192212
5,12,nq_only,1000,session_cos_1,0.023121265068
5,12,nq_only,1000,session_sin_2,0.00519957259799
5,12,nq_only,1000,session_cos_2,0.0380992899939
5,12,nq_only,1000,weekday_tuesday,0.054394119706
5,12,nq_only,1000,weekday_wednesday,-0.00361399362631
5,12,nq_only,1000,weekday_thursday,0.00453095702742
5,12,nq_only,1000,weekday_friday,-0.0323318333089
5,12,nq_only,1000,intercept,0.044265347683
5,12,cross_market,1000,nq_direction,-0.00301101943451
5,12,cross_market,1000,nq_magnitude,-0.268908705494
5,12,cross_market,1000,nq_aligned_momentum_5m,-0.150062485335
5,12,cross_market,1000,nq_aligned_momentum_15m,-0.0964948693469
5,12,cross_market,1000,nq_aligned_momentum_30m,0.250446575563
5,12,cross_market,1000,nq_aligned_momentum_60m,-0.144396954566
5,12,cross_market,1000,session_sin_1,-0.00523037332825
5,12,cross_market,1000,session_cos_1,0.0239025934428
5,12,cross_market,1000,session_sin_2,0.0016624860746
5,12,cross_market,1000,session_cos_2,0.0363900730937
5,12,cross_market,1000,weekday_tuesday,0.057127050823
5,12,cross_market,1000,weekday_wednesday,0.00387340779528
5,12,cross_market,1000,weekday_thursday,0.00999252110389
5,12,cross_market,1000,weekday_friday,-0.0294184758994
5,12,cross_market,1000,btc_magnitude,-0.0938481028863
5,12,cross_market,1000,btc_aligned_momentum_5m,0.0413790009952
5,12,cross_market,1000,btc_aligned_momentum_15m,-0.0294893371349
5,12,cross_market,1000,btc_aligned_momentum_30m,-0.0333204717077
5,12,cross_market,1000,btc_aligned_momentum_60m,0.0990853769222
5,12,cross_market,1000,coherence_15m,-0.00149204466699
5,12,cross_market,1000,coherence_30m,-0.0199791923909
5,12,cross_market,1000,coherence_60m,-0.00103972359229
5,12,cross_market,1000,joint_intensity,0.406525617207
5,12,cross_market,1000,magnitude_balance,-0.110623008556
5,12,cross_market,1000,absolute_magnitude_balance,0.012041218346
5,12,cross_market,1000,intercept,0.044265347683
5,13,nq_only,1000,nq_direction,0.00472851532491
5,13,nq_only,1000,nq_magnitude,0.00293903500784
5,13,nq_only,1000,nq_aligned_momentum_5m,-0.0755741918417
5,13,nq_only,1000,nq_aligned_momentum_15m,-0.103956187127
5,13,nq_only,1000,nq_aligned_momentum_30m,0.243087833169
5,13,nq_only,1000,nq_aligned_momentum_60m,-0.10922648822
5,13,nq_only,1000,session_sin_1,-0.0091065377478
5,13,nq_only,1000,session_cos_1,0.0224968073006
5,13,nq_only,1000,session_sin_2,0.00631029862524
5,13,nq_only,1000,session_cos_2,0.0298234680821
5,13,nq_only,1000,weekday_tuesday,0.0549428898892
5,13,nq_only,1000,weekday_wednesday,-0.00272096830663
5,13,nq_only,1000,weekday_thursday,0.011022492576
5,13,nq_only,1000,weekday_friday,-0.0261508343733
5,13,nq_only,1000,intercept,0.0400952351031
5,13,cross_market,10,nq_direction,0.00392838128121
5,13,cross_market,10,nq_magnitude,-0.429393166239
5,13,cross_market,10,nq_aligned_momentum_5m,-0.177565064749
5,13,cross_market,10,nq_aligned_momentum_15m,-0.110886129766
5,13,cross_market,10,nq_aligned_momentum_30m,0.285211198865
5,13,cross_market,10,nq_aligned_momentum_60m,-0.161555917232
5,13,cross_market,10,session_sin_1,-0.00492654512709
5,13,cross_market,10,session_cos_1,0.0236951002107
5,13,cross_market,10,session_sin_2,0.00166273866248
5,13,cross_market,10,session_cos_2,0.0282157916055
5,13,cross_market,10,weekday_tuesday,0.0608981324964
5,13,cross_market,10,weekday_wednesday,0.00619865287382
5,13,cross_market,10,weekday_thursday,0.0187518481389
5,13,cross_market,10,weekday_friday,-0.0214996965502
5,13,cross_market,10,btc_magnitude,-0.276981457776
5,13,cross_market,10,btc_aligned_momentum_5m,0.0541516415319
5,13,cross_market,10,btc_aligned_momentum_15m,-0.015890245447
5,13,cross_market,10,btc_aligned_momentum_30m,-0.0486090562003
5,13,cross_market,10,btc_aligned_momentum_60m,0.120697127009
5,13,cross_market,10,coherence_15m,0.0159633899161
5,13,cross_market,10,coherence_30m,-0.0354073752085
5,13,cross_market,10,coherence_60m,-0.00062590434925
5,13,cross_market,10,joint_intensity,0.675227884396
5,13,cross_market,10,magnitude_balance,-0.105323367189
5,13,cross_market,10,absolute_magnitude_balance,0.0761946088452
5,13,cross_market,10,intercept,0.0400952351031
5,14,nq_only,1000,nq_direction,-0.00895407178814
5,14,nq_only,1000,nq_magnitude,-0.0128198728927
5,14,nq_only,1000,nq_aligned_momentum_5m,-0.064269269154
5,14,nq_only,1000,nq_aligned_momentum_15m,-0.0826632883561
5,14,nq_only,1000,nq_aligned_momentum_30m,0.23398844399
5,14,nq_only,1000,nq_aligned_momentum_60m,-0.106305554106
5,14,nq_only,1000,session_sin_1,-0.0161266012225
5,14,nq_only,1000,session_cos_1,0.0217268658998
5,14,nq_only,1000,session_sin_2,0.0116459540874
5,14,nq_only,1000,session_cos_2,0.0295925989734
5,14,nq_only,1000,weekday_tuesday,0.0591753882062
5,14,nq_only,1000,weekday_wednesday,0.00346668746209
5,14,nq_only,1000,weekday_thursday,0.00640438746673
5,14,nq_only,1000,weekday_friday,-0.019483201325
5,14,nq_only,1000,intercept,0.0276149392809
5,14,cross_market,1000,nq_direction,-0.0092845787962
5,14,cross_market,1000,nq_magnitude,-0.278078564859
5,14,cross_market,1000,nq_aligned_momentum_5m,-0.146203501316
5,14,cross_market,1000,nq_aligned_momentum_15m,-0.0685692751127
5,14,cross_market,1000,nq_aligned_momentum_30m,0.237026938983
5,14,cross_market,1000,nq_aligned_momentum_60m,-0.144190463182
5,14,cross_market,1000,session_sin_1,-0.0121438028822
5,14,cross_market,1000,session_cos_1,0.022221088241
5,14,cross_market,1000,session_sin_2,0.00713421685316
5,14,cross_market,1000,session_cos_2,0.0282677921909
5,14,cross_market,1000,weekday_tuesday,0.0621124342193
5,14,cross_market,1000,weekday_wednesday,0.00973028689655
5,14,cross_market,1000,weekday_thursday,0.0111337242707
5,14,cross_market,1000,weekday_friday,-0.0169285192757
5,14,cross_market,1000,btc_magnitude,-0.135125716833
5,14,cross_market,1000,btc_aligned_momentum_5m,0.048477871663
5,14,cross_market,1000,btc_aligned_momentum_15m,-0.0459801049023
5,14,cross_market,1000,btc_aligned_momentum_30m,-0.00744292071537
5,14,cross_market,1000,btc_aligned_momentum_60m,0.113234174404
5,14,cross_market,1000,coherence_15m,0.023664949957
5,14,cross_market,1000,coherence_30m,-0.0352463311888
5,14,cross_market,1000,coherence_60m,-0.00527864229937
5,14,cross_market,1000,joint_intensity,0.40918783737
5,14,cross_market,1000,magnitude_balance,-0.106016887039
5,14,cross_market,1000,absolute_magnitude_balance,0.0154376485379
5,14,cross_market,1000,intercept,0.0276149392809
5,15,nq_only,1000,nq_direction,-0.00110609739297
5,15,nq_only,1000,nq_magnitude,-0.00901430508401
5,15,nq_only,1000,nq_aligned_momentum_5m,-0.0658090202974
5,15,nq_only,1000,nq_aligned_momentum_15m,-0.0283343900403
5,15,nq_only,1000,nq_aligned_momentum_30m,0.176181309648
5,15,nq_only,1000,nq_aligned_momentum_60m,-0.114898433659
5,15,nq_only,1000,session_sin_1,-0.0279485518906
5,15,nq_only,1000,session_cos_1,0.0141692698637
5,15,nq_only,1000,session_sin_2,0.0301668416656
5,15,nq_only,1000,session_cos_2,0.0387761476853
5,15,nq_only,1000,weekday_tuesday,0.0525215886878
5,15,nq_only,1000,weekday_wednesday,-0.0124316242399
5,15,nq_only,1000,weekday_thursday,-0.0153425714864
5,15,nq_only,1000,weekday_friday,-0.0278359447006
5,15,nq_only,1000,intercept,0.0420944507951
5,15,cross_market,1000,nq_direction,-0.00137270285133
5,15,cross_market,1000,nq_magnitude,-0.258582971394
5,15,cross_market,1000,nq_aligned_momentum_5m,-0.148424928914
5,15,cross_market,1000,nq_aligned_momentum_15m,-0.0120680070501
5,15,cross_market,1000,nq_aligned_momentum_30m,0.177198245227
5,15,cross_market,1000,nq_aligned_momentum_60m,-0.155176321986
5,15,cross_market,1000,session_sin_1,-0.0245575688751
5,15,cross_market,1000,session_cos_1,0.0145233133927
5,15,cross_market,1000,session_sin_2,0.0264105162247
5,15,cross_market,1000,session_cos_2,0.0376332964802
5,15,cross_market,1000,weekday_tuesday,0.0554049602402
5,15,cross_market,1000,weekday_wednesday,-0.00702954905774
5,15,cross_market,1000,weekday_thursday,-0.0106879476122
5,15,cross_market,1000,weekday_friday,-0.0254664228165
5,15,cross_market,1000,btc_magnitude,-0.149143958544
5,15,cross_market,1000,btc_aligned_momentum_5m,0.0512008454061
5,15,cross_market,1000,btc_aligned_momentum_15m,-0.0508990340411
5,15,cross_market,1000,btc_aligned_momentum_30m,-0.000805109903195
5,15,cross_market,1000,btc_aligned_momentum_60m,0.112846387015
5,15,cross_market,1000,coherence_15m,0.029167924208
5,15,cross_market,1000,coherence_30m,-0.0431124790868
5,15,cross_market,1000,coherence_60m,0.0114039819994
5,15,cross_market,1000,joint_intensity,0.399175502518
5,15,cross_market,1000,magnitude_balance,-0.0881599607365
5,15,cross_market,1000,absolute_magnitude_balance,0.0126396866264
5,15,cross_market,1000,intercept,0.0420944507951
1,0,nq_only,1000,nq_direction,0.0655753262208
1,0,nq_only,1000,nq_magnitude,0.00777600188106
1,0,nq_only,1000,nq_aligned_momentum_5m,-0.216531405286
1,0,nq_only,1000,nq_aligned_momentum_15m,0.0889983272479
1,0,nq_only,1000,nq_aligned_momentum_30m,0.179374832247
1,0,nq_only,1000,nq_aligned_momentum_60m,-0.131455611011
1,0,nq_only,1000,session_sin_1,-0.0279805483748
1,0,nq_only,1000,session_cos_1,0.0117562548988
1,0,nq_only,1000,session_sin_2,0.00651234930684
1,0,nq_only,1000,session_cos_2,-0.0274380065823
1,0,nq_only,1000,weekday_tuesday,0.0152844550203
1,0,nq_only,1000,weekday_wednesday,0.00666058384623
1,0,nq_only,1000,weekday_thursday,0.0178773464997
1,0,nq_only,1000,weekday_friday,-0.00480915867313
1,0,nq_only,1000,intercept,0.0049123626675
1,0,cross_market,1000,nq_direction,0.0649786470112
1,0,cross_market,1000,nq_magnitude,-0.0974099885615
1,0,cross_market,1000,nq_aligned_momentum_5m,-0.246249351233
1,0,cross_market,1000,nq_aligned_momentum_15m,0.0752959141713
1,0,cross_market,1000,nq_aligned_momentum_30m,0.207019599313
1,0,cross_market,1000,nq_aligned_momentum_60m,-0.165815450582
1,0,cross_market,1000,session_sin_1,-0.0248534845156
1,0,cross_market,1000,session_cos_1,0.0102020994942
1,0,cross_market,1000,session_sin_2,0.00665467071712
1,0,cross_market,1000,session_cos_2,-0.027779332862
1,0,cross_market,1000,weekday_tuesday,0.0179703688235
1,0,cross_market,1000,weekday_wednesday,0.00974000790149
1,0,cross_market,1000,weekday_thursday,0.0213871079023
1,0,cross_market,1000,weekday_friday,-0.00115940117047
1,0,cross_market,1000,btc_magnitude,-0.0326609868691
1,0,cross_market,1000,btc_aligned_momentum_5m,0.125897068254
1,0,cross_market,1000,btc_aligned_momentum_15m,0.0421272186664
1,0,cross_market,1000,btc_aligned_momentum_30m,-0.0945681693328
1,0,cross_market,1000,btc_aligned_momentum_60m,0.0961673494766
1,0,cross_market,1000,coherence_15m,-0.00570900975211
1,0,cross_market,1000,coherence_30m,0.0282474395664
1,0,cross_market,1000,coherence_60m,-0.0145396192593
1,0,cross_market,1000,joint_intensity,0.127267091782
1,0,cross_market,1000,magnitude_balance,-0.0299469330564
1,0,cross_market,1000,absolute_magnitude_balance,0.0367888567909
1,0,cross_market,1000,intercept,0.0049123626675
1,1,nq_only,1000,nq_direction,0.063100414476
1,1,nq_only,1000,nq_magnitude,0.0118071323285
1,1,nq_only,1000,nq_aligned_momentum_5m,-0.21019893945
1,1,nq_only,1000,nq_aligned_momentum_15m,0.122757003234
1,1,nq_only,1000,nq_aligned_momentum_30m,0.140247831525
1,1,nq_only,1000,nq_aligned_momentum_60m,-0.0971471509378
1,1,nq_only,1000,session_sin_1,-0.0240628768064
1,1,nq_only,1000,session_cos_1,0.0188950690016
1,1,nq_only,1000,session_sin_2,0.00656138667674
1,1,nq_only,1000,session_cos_2,-0.0148884103684
1,1,nq_only,1000,weekday_tuesday,0.0194537773884
1,1,nq_only,1000,weekday_wednesday,0.0104860784399
1,1,nq_only,1000,weekday_thursday,0.0106361514103
1,1,nq_only,1000,weekday_friday,-0.00510706770106
1,1,nq_only,1000,intercept,0.00449424333923
1,1,cross_market,1000,nq_direction,0.0621876431586
1,1,cross_market,1000,nq_magnitude,-0.0950522934462
1,1,cross_market,1000,nq_aligned_momentum_5m,-0.239067845679
1,1,cross_market,1000,nq_aligned_momentum_15m,0.115214861346
1,1,cross_market,1000,nq_aligned_momentum_30m,0.165008804931
1,1,cross_market,1000,nq_aligned_momentum_60m,-0.141105924652
1,1,cross_market,1000,session_sin_1,-0.0196994847316
1,1,cross_market,1000,session_cos_1,0.0176459206204
1,1,cross_market,1000,session_sin_2,0.00577108820749
1,1,cross_market,1000,session_cos_2,-0.015578760958
1,1,cross_market,1000,weekday_tuesday,0.0229705941842
1,1,cross_market,1000,weekday_wednesday,0.0138407592194
1,1,cross_market,1000,weekday_thursday,0.0150463684396
1,1,cross_market,1000,weekday_friday,-0.000991194620455
1,1,cross_market,1000,btc_magnitude,-0.0556390492566
1,1,cross_market,1000,btc_aligned_momentum_5m,0.117021489054
1,1,cross_market,1000,btc_aligned_momentum_15m,0.0219823340324
1,1,cross_market,1000,btc_aligned_momentum_30m,-0.0845211003766
1,1,cross_market,1000,btc_aligned_momentum_60m,0.127704575056
1,1,cross_market,1000,coherence_15m,-0.00666874347645
1,1,cross_market,1000,coherence_30m,0.0311458245558
1,1,cross_market,1000,coherence_60m,-0.0318920596974
1,1,cross_market,1000,joint_intensity,0.145259317448
1,1,cross_market,1000,magnitude_balance,-0.0157411953236
1,1,cross_market,1000,absolute_magnitude_balance,0.0398517495275
1,1,cross_market,1000,intercept,0.00449424333923
1,2,nq_only,1000,nq_direction,0.0544241410859
1,2,nq_only,1000,nq_magnitude,-0.0045921492614
1,2,nq_only,1000,nq_aligned_momentum_5m,-0.166988052831
1,2,nq_only,1000,nq_aligned_momentum_15m,0.0968693176987
1,2,nq_only,1000,nq_aligned_momentum_30m,0.125447541106
1,2,nq_only,1000,nq_aligned_momentum_60m,-0.115941795783
1,2,nq_only,1000,session_sin_1,-0.0207300395035
1,2,nq_only,1000,session_cos_1,0.00828160366843
1,2,nq_only,1000,session_sin_2,0.0111965881765
1,2,nq_only,1000,session_cos_2,-0.0194234617926
1,2,nq_only,1000,weekday_tuesday,0.0227693854041
1,2,nq_only,1000,weekday_wednesday,0.0106071859786
1,2,nq_only,1000,weekday_thursday,0.0146841049683
1,2,nq_only,1000,weekday_friday,0.00365936587583
1,2,nq_only,1000,intercept,-0.00384281163599
1,2,cross_market,1000,nq_direction,0.053618875546
1,2,cross_market,1000,nq_magnitude,-0.125061305872
1,2,cross_market,1000,nq_aligned_momentum_5m,-0.203857076658
1,2,cross_market,1000,nq_aligned_momentum_15m,0.100694517225
1,2,cross_market,1000,nq_aligned_momentum_30m,0.145466749565
1,2,cross_market,1000,nq_aligned_momentum_60m,-0.167576647471
1,2,cross_market,1000,session_sin_1,-0.0158882556266
1,2,cross_market,1000,session_cos_1,0.00646551832607
1,2,cross_market,1000,session_sin_2,0.0101360386282
1,2,cross_market,1000,session_cos_2,-0.0198378781776
1,2,cross_market,1000,weekday_tuesday,0.0269957030237
1,2,cross_market,1000,weekday_wednesday,0.0156108904105
1,2,cross_market,1000,weekday_thursday,0.0200408722504
1,2,cross_market,1000,weekday_friday,0.00888320304415
1,2,cross_market,1000,btc_magnitude,-0.0601698733665
1,2,cross_market,1000,btc_aligned_momentum_5m,0.148389723666
1,2,cross_market,1000,btc_aligned_momentum_15m,-0.0250104177854
1,2,cross_market,1000,btc_aligned_momentum_30m,-0.0629029129886
1,2,cross_market,1000,btc_aligned_momentum_60m,0.146439597391
1,2,cross_market,1000,coherence_15m,-8.0225409311e-05
1,2,cross_market,1000,coherence_30m,0.0369756996222
1,2,cross_market,1000,coherence_60m,-0.0367742678766
1,2,cross_market,1000,joint_intensity,0.15789543364
1,2,cross_market,1000,magnitude_balance,-0.0263390220213
1,2,cross_market,1000,absolute_magnitude_balance,0.042868094695
1,2,cross_market,1000,intercept,-0.00384281163599
1,3,nq_only,1000,nq_direction,0.0432219209393
1,3,nq_only,1000,nq_magnitude,-0.00579861527115
1,3,nq_only,1000,nq_aligned_momentum_5m,-0.126277864773
1,3,nq_only,1000,nq_aligned_momentum_15m,0.0344050047255
1,3,nq_only,1000,nq_aligned_momentum_30m,0.11394268597
1,3,nq_only,1000,nq_aligned_momentum_60m,-0.106377892569
1,3,nq_only,1000,session_sin_1,-0.0248974344882
1,3,nq_only,1000,session_cos_1,0.00292115897027
1,3,nq_only,1000,session_sin_2,0.0176736309653
1,3,nq_only,1000,session_cos_2,-0.00935399818537
1,3,nq_only,1000,weekday_tuesday,0.020075147474
1,3,nq_only,1000,weekday_wednesday,0.000824387502243
1,3,nq_only,1000,weekday_thursday,0.0029166993448
1,3,nq_only,1000,weekday_friday,-0.00272703372781
1,3,nq_only,1000,intercept,-0.00365341507483
1,3,cross_market,1000,nq_direction,0.0422005062951
1,3,cross_market,1000,nq_magnitude,-0.154026161365
1,3,cross_market,1000,nq_aligned_momentum_5m,-0.167067306779
1,3,cross_market,1000,nq_aligned_momentum_15m,0.042469533804
1,3,cross_market,1000,nq_aligned_momentum_30m,0.123672851323
1,3,cross_market,1000,nq_aligned_momentum_60m,-0.144841023828
1,3,cross_market,1000,session_sin_1,-0.019966723362
1,3,cross_market,1000,session_cos_1,0.00128807296766
1,3,cross_market,1000,session_sin_2,0.0170808088242
1,3,cross_market,1000,session_cos_2,-0.00990460970222
1,3,cross_market,1000,weekday_tuesday,0.0230646807262
1,3,cross_market,1000,weekday_wednesday,0.00560101015861
1,3,cross_market,1000,weekday_thursday,0.00786000612766
1,3,cross_market,1000,weekday_friday,0.000720934436769
1,3,cross_market,1000,btc_magnitude,-0.0637973844114
1,3,cross_market,1000,btc_aligned_momentum_5m,0.155808142239
1,3,cross_market,1000,btc_aligned_momentum_15m,-0.0392767099578
1,3,cross_market,1000,btc_aligned_momentum_30m,-0.0243908320252
1,3,cross_market,1000,btc_aligned_momentum_60m,0.104183869513
1,3,cross_market,1000,coherence_15m,0.0109121747905
1,3,cross_market,1000,coherence_30m,0.0350592212911
1,3,cross_market,1000,coherence_60m,-0.043455805817
1,3,cross_market,1000,joint_intensity,0.184759700478
1,3,cross_market,1000,magnitude_balance,-0.0478551279578
1,3,cross_market,1000,absolute_magnitude_balance,0.0425690035116
1,3,cross_market,1000,intercept,-0.00365341507483
1,4,nq_only,1000,nq_direction,0.0336689654264
1,4,nq_only,1000,nq_magnitude,-0.0241168206878
1,4,nq_only,1000,nq_aligned_momentum_5m,-0.226040837045
1,4,nq_only,1000,nq_aligned_momentum_15m,-0.147511594859
1,4,nq_only,1000,nq_aligned_momentum_30m,0.178257671556
1,4,nq_only,1000,nq_aligned_momentum_60m,-0.0152705352804
1,4,nq_only,1000,session_sin_1,-0.04108960591
1,4,nq_only,1000,session_cos_1,0.0117947702384
1,4,nq_only,1000,session_sin_2,-0.00218991350034
1,4,nq_only,1000,session_cos_2,0.0026285008191
1,4,nq_only,1000,weekday_tuesday,-0.000544315271909
1,4,nq_only,1000,weekday_wednesday,-0.0221841016614
1,4,nq_only,1000,weekday_thursday,-0.0172333780454
1,4,nq_only,1000,weekday_friday,-0.00254423246828
1,4,nq_only,1000,intercept,0.0267928717383
1,4,cross_market,0.01,nq_direction,0.0320425744737
1,4,cross_market,0.01,nq_magnitude,-0.318932473315
1,4,cross_market,0.01,nq_aligned_momentum_5m,-0.295408608318
1,4,cross_market,0.01,nq_aligned_momentum_15m,-0.139374461003
1,4,cross_market,0.01,nq_aligned_momentum_30m,0.198666556687
1,4,cross_market,0.01,nq_aligned_momentum_60m,-0.0546236414797
1,4,cross_market,0.01,session_sin_1,-0.0403088280437
1,4,cross_market,0.01,session_cos_1,0.0112306015644
1,4,cross_market,0.01,session_sin_2,0.00158986182166
1,4,cross_market,0.01,session_cos_2,0.00549447957817
1,4,cross_market,0.01,weekday_tuesday,0.00347681680468
1,4,cross_market,0.01,weekday_wednesday,-0.0147022426593
1,4,cross_market,0.01,weekday_thursday,-0.0116917682523
1,4,cross_market,0.01,weekday_friday,0.000360329168747
1,4,cross_market,0.01,btc_magnitude,-0.0958623148808
1,4,cross_market,0.01,btc_aligned_momentum_5m,0.212927384487
1,4,cross_market,0.01,btc_aligned_momentum_15m,-0.0417706386976
1,4,cross_market,0.01,btc_aligned_momentum_30m,-0.0374372399787
1,4,cross_market,0.01,btc_aligned_momentum_60m,0.0936259733984
1,4,cross_market,0.01,coherence_15m,-0.00884346080181
1,4,cross_market,0.01,coherence_30m,-7.5163910804e-05
1,4,cross_market,0.01,coherence_60m,0.056059063796
1,4,cross_market,0.01,joint_intensity,0.336561316101
1,4,cross_market,0.01,magnitude_balance,-0.0876080124984
1,4,cross_market,0.01,absolute_magnitude_balance,0.0719060785769
1,4,cross_market,0.01,intercept,0.0267928717383
1,5,nq_only,1000,nq_direction,0.0291858712952
1,5,nq_only,1000,nq_magnitude,-0.0349343293001
1,5,nq_only,1000,nq_aligned_momentum_5m,-0.183765693102
1,5,nq_only,1000,nq_aligned_momentum_15m,-0.153122825375
1,5,nq_only,1000,nq_aligned_momentum_30m,0.221815777174
1,5,nq_only,1000,nq_aligned_momentum_60m,-0.0344466851033
1,5,nq_only,1000,session_sin_1,-0.0409872523481
1,5,nq_only,1000,session_cos_1,0.0112529880468
1,5,nq_only,1000,session_sin_2,-0.00439807801861
1,5,nq_only,1000,session_cos_2,0.00694310773799
1,5,nq_only,1000,weekday_tuesday,-0.00441372723819
1,5,nq_only,1000,weekday_wednesday,-0.0232394772743
1,5,nq_only,1000,weekday_thursday,-0.0121095380759
1,5,nq_only,1000,weekday_friday,-0.0101829534659
1,5,nq_only,1000,intercept,0.0344399219052
1,5,cross_market,1000,nq_direction,0.0272823150381
1,5,cross_market,1000,nq_magnitude,-0.26757375142
1,5,cross_market,1000,nq_aligned_momentum_5m,-0.245131821667
1,5,cross_market,1000,nq_aligned_momentum_15m,-0.14708573863
1,5,cross_market,1000,nq_aligned_momentum_30m,0.234942276995
1,5,cross_market,1000,nq_aligned_momentum_60m,-0.0686463118274
1,5,cross_market,1000,session_sin_1,-0.0400748694251
1,5,cross_market,1000,session_cos_1,0.0104850651518
1,5,cross_market,1000,session_sin_2,-0.000285949686061
1,5,cross_market,1000,session_cos_2,0.00916156166625
1,5,cross_market,1000,weekday_tuesday,-0.000823701196576
1,5,cross_market,1000,weekday_wednesday,-0.0159889667914
1,5,cross_market,1000,weekday_thursday,-0.00664015643881
1,5,cross_market,1000,weekday_friday,-0.00781830249792
1,5,cross_market,1000,btc_magnitude,-0.0466773612674
1,5,cross_market,1000,btc_aligned_momentum_5m,0.193661361242
1,5,cross_market,1000,btc_aligned_momentum_15m,-0.0236049950323
1,5,cross_market,1000,btc_aligned_momentum_30m,-0.0414414574029
1,5,cross_market,1000,btc_aligned_momentum_60m,0.090304698841
1,5,cross_market,1000,coherence_15m,-0.0129077630048
1,5,cross_market,1000,coherence_30m,-0.00348849468478
1,5,cross_market,1000,coherence_60m,0.0594570636121
1,5,cross_market,1000,joint_intensity,0.244799165191
1,5,cross_market,1000,magnitude_balance,-0.0996505697266
1,5,cross_market,1000,absolute_magnitude_balance,0.0481349839853
1,5,cross_market,1000,intercept,0.0344399219052
1,6,nq_only,1000,nq_direction,0.0362732803591
1,6,nq_only,1000,nq_magnitude,-0.0311144397067
1,6,nq_only,1000,nq_aligned_momentum_5m,-0.181881363615
1,6,nq_only,1000,nq_aligned_momentum_15m,-0.151425202709
1,6,nq_only,1000,nq_aligned_momentum_30m,0.198060897741
1,6,nq_only,1000,nq_aligned_momentum_60m,-0.0153964090567
1,6,nq_only,1000,session_sin_1,-0.0493808095381
1,6,nq_only,1000,session_cos_1,0.0105710242067
1,6,nq_only,1000,session_sin_2,0.000776668084665
1,6,nq_only,1000,session_cos_2,0.000317052081779
1,6,nq_only,1000,weekday_tuesday,-0.0028238198773
1,6,nq_only,1000,weekday_wednesday,-0.0227325736533
1,6,nq_only,1000,weekday_thursday,-0.00931913810511
1,6,nq_only,1000,weekday_friday,-0.00549618079338
1,6,nq_only,1000,intercept,0.0316077041976
1,6,cross_market,1000,nq_direction,0.0346712771161
1,6,cross_market,1000,nq_magnitude,-0.243363074237
1,6,cross_market,1000,nq_aligned_momentum_5m,-0.240431384333
1,6,cross_market,1000,nq_aligned_momentum_15m,-0.142741911572
1,6,cross_market,1000,nq_aligned_momentum_30m,0.206388305156
1,6,cross_market,1000,nq_aligned_momentum_60m,-0.045934638755
1,6,cross_market,1000,session_sin_1,-0.0482327839199
1,6,cross_market,1000,session_cos_1,0.00938388038238
1,6,cross_market,1000,session_sin_2,0.00418949023975
1,6,cross_market,1000,session_cos_2,0.00206707600169
1,6,cross_market,1000,weekday_tuesday,9.86916471465e-05
1,6,cross_market,1000,weekday_wednesday,-0.0155056892111
1,6,cross_market,1000,weekday_thursday,-0.00408087941977
1,6,cross_market,1000,weekday_friday,-0.00344672187309
1,6,cross_market,1000,btc_magnitude,-0.0469676000097
1,6,cross_market,1000,btc_aligned_momentum_5m,0.184114940586
1,6,cross_market,1000,btc_aligned_momentum_15m,-0.0330432504692
1,6,cross_market,1000,btc_aligned_momentum_30m,-0.0257204389575
1,6,cross_market,1000,btc_aligned_momentum_60m,0.0795016152985
1,6,cross_market,1000,coherence_15m,-0.0147918951521
1,6,cross_market,1000,coherence_30m,0.0116128223028
1,6,cross_market,1000,coherence_60m,0.0449627401943
1,6,cross_market,1000,joint_intensity,0.227478453911
1,6,cross_market,1000,magnitude_balance,-0.0893070245177
1,6,cross_market,1000,absolute_magnitude_balance,0.0352996389088
1,6,cross_market,1000,intercept,0.0316077041976
1,7,nq_only,1000,nq_direction,0.0355423557786
1,7,nq_only,1000,nq_magnitude,-0.0306404162008
1,7,nq_only,1000,nq_aligned_momentum_5m,-0.17034755456
1,7,nq_only,1000,nq_aligned_momentum_15m,-0.138290503311
1,7,nq_only,1000,nq_aligned_momentum_30m,0.189478328579
1,7,nq_only,1000,nq_aligned_momentum_60m,-0.0238537116207
1,7,nq_only,1000,session_sin_1,-0.0474817626229
1,7,nq_only,1000,session_cos_1,0.0113406294833
1,7,nq_only,1000,session_sin_2,-0.00260536249999
1,7,nq_only,1000,session_cos_2,0.00148292877427
1,7,nq_only,1000,weekday_tuesday,0.000620807285662
1,7,nq_only,1000,weekday_wednesday,-0.0235560031741
1,7,nq_only,1000,weekday_thursday,-0.00802138531241
1,7,nq_only,1000,weekday_friday,-0.00485393713436
1,7,nq_only,1000,intercept,0.0304485379176
1,7,cross_market,1000,nq_direction,0.0339293561707
1,7,cross_market,1000,nq_magnitude,-0.232072035694
1,7,cross_market,1000,nq_aligned_momentum_5m,-0.225112764476
1,7,cross_market,1000,nq_aligned_momentum_15m,-0.132623933807
1,7,cross_market,1000,nq_aligned_momentum_30m,0.198500732317
1,7,cross_market,1000,nq_aligned_momentum_60m,-0.0529295008115
1,7,cross_market,1000,session_sin_1,-0.046491844355
1,7,cross_market,1000,session_cos_1,0.0102071159063
1,7,cross_market,1000,session_sin_2,0.000344766661919
1,7,cross_market,1000,session_cos_2,0.0029109362587
1,7,cross_market,1000,weekday_tuesday,0.00305854691949
1,7,cross_market,1000,weekday_wednesday,-0.0174449905546
1,7,cross_market,1000,weekday_thursday,-0.00328663853476
1,7,cross_market,1000,weekday_friday,-0.00331202096815
1,7,cross_market,1000,btc_magnitude,-0.045325020405
1,7,cross_market,1000,btc_aligned_momentum_5m,0.17329056789
1,7,cross_market,1000,btc_aligned_momentum_15m,-0.0227758653513
1,7,cross_market,1000,btc_aligned_momentum_30m,-0.0284502401861
1,7,cross_market,1000,btc_aligned_momentum_60m,0.0769781693822
1,7,cross_market,1000,coherence_15m,-0.0107771220259
1,7,cross_market,1000,coherence_30m,0.00659388966526
1,7,cross_market,1000,coherence_60m,0.0429863620499
1,7,cross_market,1000,joint_intensity,0.216264603834
1,7,cross_market,1000,magnitude_balance,-0.083969293629
1,7,cross_market,1000,absolute_magnitude_balance,0.035557457882
1,7,cross_market,1000,intercept,0.0304485379176
1,8,nq_only,1000,nq_direction,0.0318726708882
1,8,nq_only,1000,nq_magnitude,-0.0297934656363
1,8,nq_only,1000,nq_aligned_momentum_5m,-0.156699585037
1,8,nq_only,1000,nq_aligned_momentum_15m,-0.127072627741
1,8,nq_only,1000,nq_aligned_momentum_30m,0.170391928727
1,8,nq_only,1000,nq_aligned_momentum_60m,-0.0219752338995
1,8,nq_only,1000,session_sin_1,-0.0451299421104
1,8,nq_only,1000,session_cos_1,0.0135867498726
1,8,nq_only,1000,session_sin_2,-0.000232141589077
1,8,nq_only,1000,session_cos_2,0.0015371023289
1,8,nq_only,1000,weekday_tuesday,0.0056144977153
1,8,nq_only,1000,weekday_wednesday,-0.0217848368199
1,8,nq_only,1000,weekday_thursday,-0.00485070878809
1,8,nq_only,1000,weekday_friday,-0.00320493992939
1,8,nq_only,1000,intercept,0.0282175392707
1,8,cross_market,1000,nq_direction,0.030801727954
1,8,cross_market,1000,nq_magnitude,-0.231940973546
1,8,cross_market,1000,nq_aligned_momentum_5m,-0.208879191907
1,8,cross_market,1000,nq_aligned_momentum_15m,-0.120910133282
1,8,cross_market,1000,nq_aligned_momentum_30m,0.176149547278
1,8,cross_market,1000,nq_aligned_momentum_60m,-0.0483719345253
1,8,cross_market,1000,session_sin_1,-0.0438290513478
1,8,cross_market,1000,session_cos_1,0.012254633546
1,8,cross_market,1000,session_sin_2,0.00254118226105
1,8,cross_market,1000,session_cos_2,0.00290316395777
1,8,cross_market,1000,weekday_tuesday,0.00756850854717
1,8,cross_market,1000,weekday_wednesday,-0.0158916774471
1,8,cross_market,1000,weekday_thursday,-0.000788024393966
1,8,cross_market,1000,weekday_friday,-0.00195444557842
1,8,cross_market,1000,btc_magnitude,-0.0553376467732
1,8,cross_market,1000,btc_aligned_momentum_5m,0.164114901998
1,8,cross_market,1000,btc_aligned_momentum_15m,-0.0231879856558
1,8,cross_market,1000,btc_aligned_momentum_30m,-0.0193067058142
1,8,cross_market,1000,btc_aligned_momentum_60m,0.0695795646208
1,8,cross_market,1000,coherence_15m,-0.00782765416296
1,8,cross_market,1000,coherence_30m,0.00748945631821
1,8,cross_market,1000,coherence_60m,0.0353470098112
1,8,cross_market,1000,joint_intensity,0.224603760568
1,8,cross_market,1000,magnitude_balance,-0.079119052997
1,8,cross_market,1000,absolute_magnitude_balance,0.0347546876767
1,8,cross_market,1000,intercept,0.0282175392707
1,9,nq_only,1000,nq_direction,0.0335465322578
1,9,nq_only,1000,nq_magnitude,-0.0285198967227
1,9,nq_only,1000,nq_aligned_momentum_5m,-0.148101341544
1,9,nq_only,1000,nq_aligned_momentum_15m,-0.123483189528
1,9,nq_only,1000,nq_aligned_momentum_30m,0.161075705993
1,9,nq_only,1000,nq_aligned_momentum_60m,-0.0218523033356
1,9,nq_only,1000,session_sin_1,-0.0413458839732
1,9,nq_only,1000,session_cos_1,0.0127837899947
1,9,nq_only,1000,session_sin_2,0.00248158011599
1,9,nq_only,1000,session_cos_2,0.00067843168922
1,9,nq_only,1000,weekday_tuesday,0.00739023101608
1,9,nq_only,1000,weekday_wednesday,-0.0202393467371
1,9,nq_only,1000,weekday_thursday,0.000461253467409
1,9,nq_only,1000,weekday_friday,-0.00469233285757
1,9,nq_only,1000,intercept,0.0261367666862
1,9,cross_market,1000,nq_direction,0.0324857748274
1,9,cross_market,1000,nq_magnitude,-0.225754722961
1,9,cross_market,1000,nq_aligned_momentum_5m,-0.198525721592
1,9,cross_market,1000,nq_aligned_momentum_15m,-0.118486679194
1,9,cross_market,1000,nq_aligned_momentum_30m,0.166214561394
1,9,cross_market,1000,nq_aligned_momentum_60m,-0.0474406186745
1,9,cross_market,1000,session_sin_1,-0.0399269422653
1,9,cross_market,1000,session_cos_1,0.0113535588665
1,9,cross_market,1000,session_sin_2,0.00493353819621
1,9,cross_market,1000,session_cos_2,0.00211034072145
1,9,cross_market,1000,weekday_tuesday,0.00902243337388
1,9,cross_market,1000,weekday_wednesday,-0.0147572872835
1,9,cross_market,1000,weekday_thursday,0.00412182093939
1,9,cross_market,1000,weekday_friday,-0.00356850455644
1,9,cross_market,1000,btc_magnitude,-0.0554699399758
1,9,cross_market,1000,btc_aligned_momentum_5m,0.159179212447
1,9,cross_market,1000,btc_aligned_momentum_15m,-0.0188542200235
1,9,cross_market,1000,btc_aligned_momentum_30m,-0.0177755630408
1,9,cross_market,1000,btc_aligned_momentum_60m,0.0676429571276
1,9,cross_market,1000,coherence_15m,-0.00884342990518
1,9,cross_market,1000,coherence_30m,0.00801181442483
1,9,cross_market,1000,coherence_60m,0.0317421400774
1,9,cross_market,1000,joint_intensity,0.221247979655
1,9,cross_market,1000,magnitude_balance,-0.0767092212362
1,9,cross_market,1000,absolute_magnitude_balance,0.0322218354848
1,9,cross_market,1000,intercept,0.0261367666862
1,10,nq_only,1000,nq_direction,0.0322448249381
1,10,nq_only,1000,nq_magnitude,-0.0251914874272
1,10,nq_only,1000,nq_aligned_momentum_5m,-0.146657769266
1,10,nq_only,1000,nq_aligned_momentum_15m,-0.120233635436
1,10,nq_only,1000,nq_aligned_momentum_30m,0.161378051121
1,10,nq_only,1000,nq_aligned_momentum_60m,-0.0206892337419
1,10,nq_only,1000,session_sin_1,-0.0368501591389
1,10,nq_only,1000,session_cos_1,0.00987772336678
1,10,nq_only,1000,session_sin_2,0.00249459703193
1,10,nq_only,1000,session_cos_2,0.00373689381245
1,10,nq_only,1000,weekday_tuesday,0.0131849727248
1,10,nq_only,1000,weekday_wednesday,-0.0144548676798
1,10,nq_only,1000,weekday_thursday,0.0100816186998
1,10,nq_only,1000,weekday_friday,-0.00139522149745
1,10,nq_only,1000,intercept,0.0286476614536
1,10,cross_market,1000,nq_direction,0.0314621510625
1,10,cross_market,1000,nq_magnitude,-0.205896088934
1,10,cross_market,1000,nq_aligned_momentum_5m,-0.194732494825
1,10,cross_market,1000,nq_aligned_momentum_15m,-0.1139165351
1,10,cross_market,1000,nq_aligned_momentum_30m,0.162370574048
1,10,cross_market,1000,nq_aligned_momentum_60m,-0.0456247798233
1,10,cross_market,1000,session_sin_1,-0.0351221069513
1,10,cross_market,1000,session_cos_1,0.00859754491196
1,10,cross_market,1000,session_sin_2,0.00451183086142
1,10,cross_market,1000,session_cos_2,0.00478004221958
1,10,cross_market,1000,weekday_tuesday,0.0150819509196
1,10,cross_market,1000,weekday_wednesday,-0.00895045024655
1,10,cross_market,1000,weekday_thursday,0.0132070774022
1,10,cross_market,1000,weekday_friday,8.73416589092e-05
1,10,cross_market,1000,btc_magnitude,-0.0317687879652
1,10,cross_market,1000,btc_aligned_momentum_5m,0.151646680636
1,10,cross_market,1000,btc_aligned_momentum_15m,-0.0212746504204
1,10,cross_market,1000,btc_aligned_momentum_30m,-0.00532282115609
1,10,cross_market,1000,btc_aligned_momentum_60m,0.0635592753556
1,10,cross_market,1000,coherence_15m,-0.0057093730834
1,10,cross_market,1000,coherence_30m,0.00943449289556
1,10,cross_market,1000,coherence_60m,0.0241856010917
1,10,cross_market,1000,joint_intensity,0.19238433767
1,10,cross_market,1000,magnitude_balance,-0.0824658722809
1,10,cross_market,1000,absolute_magnitude_balance,0.0228951904821
1,10,cross_market,1000,intercept,0.0286476614536
1,11,nq_only,1000,nq_direction,0.0273777890905
1,11,nq_only,1000,nq_magnitude,-0.019583585093
1,11,nq_only,1000,nq_aligned_momentum_5m,-0.141715038367
1,11,nq_only,1000,nq_aligned_momentum_15m,-0.112789846695
1,11,nq_only,1000,nq_aligned_momentum_30m,0.150914614647
1,11,nq_only,1000,nq_aligned_momentum_60m,-0.0227024148786
1,11,nq_only,1000,session_sin_1,-0.033200757769
1,11,nq_only,1000,session_cos_1,0.00323033276928
1,11,nq_only,1000,session_sin_2,0.00436136381571
1,11,nq_only,1000,session_cos_2,0.00507798614332
1,11,nq_only,1000,weekday_tuesday,0.00697804280683
1,11,nq_only,1000,weekday_wednesday,-0.0178910472187
1,11,nq_only,1000,weekday_thursday,0.0051052039167
1,11,nq_only,1000,weekday_friday,-0.00408458580936
1,11,nq_only,1000,intercept,0.0285690668875
1,11,cross_market,1000,nq_direction,0.0275331568469
1,11,cross_market,1000,nq_magnitude,-0.209869923551
1,11,cross_market,1000,nq_aligned_momentum_5m,-0.182687043588
1,11,cross_market,1000,nq_aligned_momentum_15m,-0.111699149009
1,11,cross_market,1000,nq_aligned_momentum_30m,0.152953438074
1,11,cross_market,1000,nq_aligned_momentum_60m,-0.0549304032561
1,11,cross_market,1000,session_sin_1,-0.0311032294375
1,11,cross_market,1000,session_cos_1,0.00257042295783
1,11,cross_market,1000,session_sin_2,0.00578346065292
1,11,cross_market,1000,session_cos_2,0.00601707222701
1,11,cross_market,1000,weekday_tuesday,0.00848814462449
1,11,cross_market,1000,weekday_wednesday,-0.0131797091039
1,11,cross_market,1000,weekday_thursday,0.00819586977756
1,11,cross_market,1000,weekday_friday,-0.00400210999496
1,11,cross_market,1000,btc_magnitude,-0.0527471807062
1,11,cross_market,1000,btc_aligned_momentum_5m,0.127246832898
1,11,cross_market,1000,btc_aligned_momentum_15m,-0.00511204451596
1,11,cross_market,1000,btc_aligned_momentum_30m,-0.00836635541343
1,11,cross_market,1000,btc_aligned_momentum_60m,0.0808215110311
1,11,cross_market,1000,coherence_15m,-0.00135226057675
1,11,cross_market,1000,coherence_30m,0.00536540050133
1,11,cross_market,1000,coherence_60m,0.0189564565306
1,11,cross_market,1000,joint_intensity,0.216192290792
1,11,cross_market,1000,magnitude_balance,-0.0760532486071
1,11,cross_market,1000,absolute_magnitude_balance,0.0244291849058
1,11,cross_market,1000,intercept,0.0285690668875
1,12,nq_only,1000,nq_direction,0.0321040923728
1,12,nq_only,1000,nq_magnitude,-0.0187040720134
1,12,nq_only,1000,nq_aligned_momentum_5m,-0.132652701213
1,12,nq_only,1000,nq_aligned_momentum_15m,-0.108412578576
1,12,nq_only,1000,nq_aligned_momentum_30m,0.140646527865
1,12,nq_only,1000,nq_aligned_momentum_60m,-0.0208112634241
1,12,nq_only,1000,session_sin_1,-0.0305096380326
1,12,nq_only,1000,session_cos_1,0.00580081420968
1,12,nq_only,1000,session_sin_2,0.00127222027461
1,12,nq_only,1000,session_cos_2,0.0029561306697
1,12,nq_only,1000,weekday_tuesday,0.00767576586174
1,12,nq_only,1000,weekday_wednesday,-0.0143231002105
1,12,nq_only,1000,weekday_thursday,0.00679974104851
1,12,nq_only,1000,weekday_friday,-0.00192934708679
1,12,nq_only,1000,intercept,0.0283428238399
1,12,cross_market,1000,nq_direction,0.0318084850779
1,12,cross_market,1000,nq_magnitude,-0.211090652944
1,12,cross_market,1000,nq_aligned_momentum_5m,-0.172597121778
1,12,cross_market,1000,nq_aligned_momentum_15m,-0.108187464779
1,12,cross_market,1000,nq_aligned_momentum_30m,0.142561964318
1,12,cross_market,1000,nq_aligned_momentum_60m,-0.0529255076765
1,12,cross_market,1000,session_sin_1,-0.0284015341729
1,12,cross_market,1000,session_cos_1,0.00515790606383
1,12,cross_market,1000,session_sin_2,0.0027939815788
1,12,cross_market,1000,session_cos_2,0.00361807840925
1,12,cross_market,1000,weekday_tuesday,0.0090041898191
1,12,cross_market,1000,weekday_wednesday,-0.00958592480905
1,12,cross_market,1000,weekday_thursday,0.00951408421371
1,12,cross_market,1000,weekday_friday,-0.00170474740592
1,12,cross_market,1000,btc_magnitude,-0.0530088955045
1,12,cross_market,1000,btc_aligned_momentum_5m,0.124134551321
1,12,cross_market,1000,btc_aligned_momentum_15m,-0.00235998183203
1,12,cross_market,1000,btc_aligned_momentum_30m,-0.00830248149818
1,12,cross_market,1000,btc_aligned_momentum_60m,0.0812100250034
1,12,cross_market,1000,coherence_15m,-0.00177541432778
1,12,cross_market,1000,coherence_30m,0.00536861322534
1,12,cross_market,1000,coherence_60m,0.0183950146081
1,12,cross_market,1000,joint_intensity,0.219261501313
1,12,cross_market,1000,magnitude_balance,-0.0753242941228
1,12,cross_market,1000,absolute_magnitude_balance,0.0282579545835
1,12,cross_market,1000,intercept,0.0283428238399
1,13,nq_only,1000,nq_direction,0.0322575014928
1,13,nq_only,1000,nq_magnitude,-0.0193206562141
1,13,nq_only,1000,nq_aligned_momentum_5m,-0.139876989608
1,13,nq_only,1000,nq_aligned_momentum_15m,-0.104596851931
1,13,nq_only,1000,nq_aligned_momentum_30m,0.142353763071
1,13,nq_only,1000,nq_aligned_momentum_60m,-0.0160746501724
1,13,nq_only,1000,session_sin_1,-0.0285654523849
1,13,nq_only,1000,session_cos_1,0.0040713837638
1,13,nq_only,1000,session_sin_2,0.0055151165194
1,13,nq_only,1000,session_cos_2,-0.00156737445479
1,13,nq_only,1000,weekday_tuesday,0.00769136385509
1,13,nq_only,1000,weekday_wednesday,-0.0136138873006
1,13,nq_only,1000,weekday_thursday,0.00640061019777
1,13,nq_only,1000,weekday_friday,-0.00215996111515
1,13,nq_only,1000,intercept,0.0230550980259
1,13,cross_market,1000,nq_direction,0.0323549742656
1,13,cross_market,1000,nq_magnitude,-0.199478474437
1,13,cross_market,1000,nq_aligned_momentum_5m,-0.176301887193
1,13,cross_market,1000,nq_aligned_momentum_15m,-0.101651738893
1,13,cross_market,1000,nq_aligned_momentum_30m,0.14235374213
1,13,cross_market,1000,nq_aligned_momentum_60m,-0.0484107696348
1,13,cross_market,1000,session_sin_1,-0.0265573399386
1,13,cross_market,1000,session_cos_1,0.0033064009624
1,13,cross_market,1000,session_sin_2,0.00662001476941
1,13,cross_market,1000,session_cos_2,-0.00102886661837
1,13,cross_market,1000,weekday_tuesday,0.00963776219132
1,13,cross_market,1000,weekday_wednesday,-0.0089116632442
1,13,cross_market,1000,weekday_thursday,0.00943379998802
1,13,cross_market,1000,weekday_friday,-0.00145126905803
1,13,cross_market,1000,btc_magnitude,-0.0598497275072
1,13,cross_market,1000,btc_aligned_momentum_5m,0.112681641108
1,13,cross_market,1000,btc_aligned_momentum_15m,-0.0104862427394
1,13,cross_market,1000,btc_aligned_momentum_30m,-0.00271778661561
1,13,cross_market,1000,btc_aligned_momentum_60m,0.0822586113598
1,13,cross_market,1000,coherence_15m,0.00174970142273
1,13,cross_market,1000,coherence_30m,0.00117070606672
1,13,cross_market,1000,coherence_60m,0.0166663453921
1,13,cross_market,1000,joint_intensity,0.212590593299
1,13,cross_market,1000,magnitude_balance,-0.0641363179202
1,13,cross_market,1000,absolute_magnitude_balance,0.0295758477816
1,13,cross_market,1000,intercept,0.0230550980259
1,14,nq_only,1000,nq_direction,0.0259494349642
1,14,nq_only,1000,nq_magnitude,-0.0217866192298
1,14,nq_only,1000,nq_aligned_momentum_5m,-0.144213323509
1,14,nq_only,1000,nq_aligned_momentum_15m,-0.0889356773755
1,14,nq_only,1000,nq_aligned_momentum_30m,0.139219339773
1,14,nq_only,1000,nq_aligned_momentum_60m,-0.0204644250132
1,14,nq_only,1000,session_sin_1,-0.0289927779957
1,14,nq_only,1000,session_cos_1,0.00219128156488
1,14,nq_only,1000,session_sin_2,0.00839537113176
1,14,nq_only,1000,session_cos_2,-0.00593573628642
1,14,nq_only,1000,weekday_tuesday,0.0105558466881
1,14,nq_only,1000,weekday_wednesday,-0.00714279154737
1,14,nq_only,1000,weekday_thursday,0.00506986127754
1,14,nq_only,1000,weekday_friday,0.000333262443233
1,14,nq_only,1000,intercept,0.0171341020572
1,14,cross_market,1000,nq_direction,0.0263548456725
1,14,cross_market,1000,nq_magnitude,-0.203364310588
1,14,cross_market,1000,nq_aligned_momentum_5m,-0.175368552586
1,14,cross_market,1000,nq_aligned_momentum_15m,-0.0788128242846
1,14,cross_market,1000,nq_aligned_momentum_30m,0.131567023698
1,14,cross_market,1000,nq_aligned_momentum_60m,-0.0573000294935
1,14,cross_market,1000,session_sin_1,-0.0271832662887
1,14,cross_market,1000,session_cos_1,0.00152785719833
1,14,cross_market,1000,session_sin_2,0.00889974559759
1,14,cross_market,1000,session_cos_2,-0.00532480172844
1,14,cross_market,1000,weekday_tuesday,0.0120629763502
1,14,cross_market,1000,weekday_wednesday,-0.00313464315189
1,14,cross_market,1000,weekday_thursday,0.00693334476523
1,14,cross_market,1000,weekday_friday,0.000219130249853
1,14,cross_market,1000,btc_magnitude,-0.0548159240497
1,14,cross_market,1000,btc_aligned_momentum_5m,0.0946826006554
1,14,cross_market,1000,btc_aligned_momentum_15m,-0.0309719059371
1,14,cross_market,1000,btc_aligned_momentum_30m,0.020034525775
1,14,cross_market,1000,btc_aligned_momentum_60m,0.0922291574266
1,14,cross_market,1000,coherence_15m,0.000769508067541
1,14,cross_market,1000,coherence_30m,0.000272077619864
1,14,cross_market,1000,coherence_60m,0.0145288433067
1,14,cross_market,1000,joint_intensity,0.212277619127
1,14,cross_market,1000,magnitude_balance,-0.0687424184781
1,14,cross_market,1000,absolute_magnitude_balance,0.0274105777679
1,14,cross_market,1000,intercept,0.0171341020572
1,15,nq_only,1000,nq_direction,0.0321126640423
1,15,nq_only,1000,nq_magnitude,-0.00675202198737
1,15,nq_only,1000,nq_aligned_momentum_5m,-0.117218047668
1,15,nq_only,1000,nq_aligned_momentum_15m,-0.0655587843107
1,15,nq_only,1000,nq_aligned_momentum_30m,0.146583188514
1,15,nq_only,1000,nq_aligned_momentum_60m,-0.0466499396849
1,15,nq_only,1000,session_sin_1,-0.0255246452849
1,15,nq_only,1000,session_cos_1,0.00413028086634
1,15,nq_only,1000,session_sin_2,0.0140224558781
1,15,nq_only,1000,session_cos_2,-0.00305065241714
1,15,nq_only,1000,weekday_tuesday,0.0173697300021
1,15,nq_only,1000,weekday_wednesday,-0.000178163335908
1,15,nq_only,1000,weekday_thursday,0.00420927387168
1,15,nq_only,1000,weekday_friday,0.00482234825574
1,15,nq_only,1000,intercept,0.0123270381544
1,15,cross_market,0.01,nq_direction,0.032559038146
1,15,cross_market,0.01,nq_magnitude,-0.279165153391
1,15,cross_market,0.01,nq_aligned_momentum_5m,-0.155768522112
1,15,cross_market,0.01,nq_aligned_momentum_15m,-0.0539737340994
1,15,cross_market,0.01,nq_aligned_momentum_30m,0.140459131676
1,15,cross_market,0.01,nq_aligned_momentum_60m,-0.0880045841716
1,15,cross_market,0.01,session_sin_1,-0.0232518493633
1,15,cross_market,0.01,session_cos_1,0.00365139839954
1,15,cross_market,0.01,session_sin_2,0.0142456756582
1,15,cross_market,0.01,session_cos_2,-0.00253489552179
1,15,cross_market,0.01,weekday_tuesday,0.0202690498709
1,15,cross_market,0.01,weekday_wednesday,0.00552234757644
1,15,cross_market,0.01,weekday_thursday,0.00813767392103
1,15,cross_market,0.01,weekday_friday,0.00618677893467
1,15,cross_market,0.01,btc_magnitude,-0.114096537241
1,15,cross_market,0.01,btc_aligned_momentum_5m,0.103048470428
1,15,cross_market,0.01,btc_aligned_momentum_15m,-0.0355522325557
1,15,cross_market,0.01,btc_aligned_momentum_30m,0.0192976985931
1,15,cross_market,0.01,btc_aligned_momentum_60m,0.097016573995
1,15,cross_market,0.01,coherence_15m,-0.00271503408899
1,15,cross_market,0.01,coherence_30m,0.0055004987246
1,15,cross_market,0.01,coherence_60m,0.0037483186798
1,15,cross_market,0.01,joint_intensity,0.352747156867
1,15,cross_market,0.01,magnitude_balance,-0.0593765421227
1,15,cross_market,0.01,absolute_magnitude_balance,0.0480430656005
1,15,cross_market,0.01,intercept,0.0123270381544
