trial_id,run_id,resolution_minutes,outer_fold,model,alpha,inner_fold_count,inner_event_count,inner_oof_mean_squared_error,inner_fold_mse_json,selected
a47837a64884433f,0879361214fdad9f,5,0,nq_only,0.01,3,6334,14.0885183827,"[16.94263594902752, 13.43279008096961, 11.78282099278653]",False
5e05d242dd031479,0879361214fdad9f,5,0,nq_only,0.1,3,6334,14.0885096015,"[16.942619432968712, 13.432784806189455, 11.78281662545894]",False
095132dbc0c46756,0879361214fdad9f,5,0,nq_only,1,3,6334,14.0884218651,"[16.94245443416421, 13.432732097404026, 11.782772976088575]",False
22e7e0f615c8e327,0879361214fdad9f,5,0,nq_only,10,3,6334,14.0875520023,"[16.94082047759173, 13.432208883360783, 11.782338860516422]",False
44fe9ce10aa12bf2,0879361214fdad9f,5,0,nq_only,100,3,6334,14.0795452475,"[16.925949224821284, 13.427338133090243, 11.778223698832766]",False
cd514b5fc6e966b9,0879361214fdad9f,5,0,nq_only,1000,3,6334,14.0369841763,"[16.853108915061352, 13.399519923406322, 11.751862987481246]",True
efedebfeb708bddc,0879361214fdad9f,5,0,cross_market,0.01,3,6334,14.1572091398,"[16.962948226990996, 13.558466532866468, 11.841928374151586]",False
4d320a74aa17c36a,0879361214fdad9f,5,0,cross_market,0.1,3,6334,14.1571914964,"[16.962924235202934, 13.558451195239014, 11.841914960429406]",False
15e19292874e0dc9,0879361214fdad9f,5,0,cross_market,1,3,6334,14.1570152964,"[16.96268460683744, 13.558297972658714, 11.841781083878123]",False
9bebfa4c251c9901,0879361214fdad9f,5,0,cross_market,10,3,6334,14.1552761178,"[16.960316763294678, 13.556780679444854, 11.840467601794236]",False
ad745fa033d32ce8,0879361214fdad9f,5,0,cross_market,100,3,6334,14.1397719392,"[16.9391353936279, 13.542834578131771, 11.829280523991363]",False
39bca6cfa0919bf9,0879361214fdad9f,5,0,cross_market,1000,3,6334,14.0658420928,"[16.84621395567687, 13.467088433321821, 11.777249151387252]",True
ff1211e93da258b6,0879361214fdad9f,5,1,nq_only,0.01,3,6323,18.5822014967,"[13.43279008096961, 11.78282099278653, 30.303346903855044]",False
559223a19a864954,0879361214fdad9f,5,1,nq_only,0.1,3,6323,18.5821965559,"[13.432784806189455, 11.78281662545894, 30.303341753551837]",False
a7023eb839c383b9,0879361214fdad9f,5,1,nq_only,1,3,6323,18.582147177,"[13.432732097404026, 11.782772976088575, 30.303290274925885]",False
f7f083fbe43fdc32,0879361214fdad9f,5,1,nq_only,10,3,6323,18.581656294,"[13.432208883360783, 11.782338860516422, 30.30277791771384]",False
0c57cdfbb0438c92,0879361214fdad9f,5,1,nq_only,100,3,6323,18.5770216624,"[13.427338133090243, 11.778223698832766, 30.297886197574982]",False
c8d8c39530659bb1,0879361214fdad9f,5,1,nq_only,1000,3,6323,18.5478363938,"[13.399519923406322, 11.751862987481246, 30.26461475981889]",True
f424782066311111,0879361214fdad9f,5,1,cross_market,0.01,3,6323,18.6822533335,"[13.558466532866468, 11.841928374151586, 30.416549714503486]",False
416d16b106844304,0879361214fdad9f,5,1,cross_market,0.1,3,6323,18.6822360069,"[13.558451195239014, 11.841914960429406, 30.416526630526594]",False
ae96ab9de51c5713,0879361214fdad9f,5,1,cross_market,1,3,6323,18.6820630141,"[13.558297972658714, 11.841781083878123, 30.41629619984018]",False
f5c12cca4fc8b49f,0879361214fdad9f,5,1,cross_market,10,3,6323,18.6803597835,"[13.556780679444854, 11.840467601794236, 30.414031871650263]",False
f5c1473686f41aa5,0879361214fdad9f,5,1,cross_market,100,3,6323,18.6654694761,"[13.542834578131771, 11.829280523991363, 30.394644329326212]",False
aa1f5667c3a430d8,0879361214fdad9f,5,1,cross_market,1000,3,6323,18.5943471566,"[13.467088433321821, 11.777249151387252, 30.30996294987981]",True
7aa6ff2f157541e9,0879361214fdad9f,5,2,nq_only,0.01,3,6215,22.8682915491,"[11.78282099278653, 30.303346903855044, 26.149471330722886]",False
fca4695b36ecf7c6,0879361214fdad9f,5,2,nq_only,0.1,3,6215,22.8682872041,"[11.78281662545894, 30.303341753551837, 26.149467843517158]",False
d29167b595060044,0879361214fdad9f,5,2,nq_only,1,3,6215,22.8682437743,"[11.782772976088575, 30.303290274925885, 26.149432986796818]",False
86f7fd04324ecedd,0879361214fdad9f,5,2,nq_only,10,3,6215,22.8678115921,"[11.782338860516422, 30.30277791771384, 26.14908594679738]",False
3cf172e4a2efb285,0879361214fdad9f,5,2,nq_only,100,3,6215,22.8636915328,"[11.778223698832766, 30.297886197574982, 26.145762035351748]",False
a161b435d5a9e96b,0879361214fdad9f,5,2,nq_only,1000,3,6215,22.8360791372,"[11.751862987481246, 30.26461475981889, 26.12278197695618]",True
bcd89d42571a554f,0879361214fdad9f,5,2,cross_market,0.01,3,6215,22.9137026814,"[11.841928374151586, 30.416549714503486, 26.11092324783957]",False
095e58aeb9ced7a7,0879361214fdad9f,5,2,cross_market,0.1,3,6215,22.9136899217,"[11.841914960429406, 30.416526630526594, 26.11092185398967]",False
f105e3c275b13264,0879361214fdad9f,5,2,cross_market,1,3,6215,22.9135625467,"[11.841781083878123, 30.41629619984018, 26.110907904831294]",False
9819edde37f52b88,0879361214fdad9f,5,2,cross_market,10,3,6215,22.912310433,"[11.840467601794236, 30.414031871650263, 26.11076739000627]",False
09350d75865561c5,0879361214fdad9f,5,2,cross_market,100,3,6215,22.9015199704,"[11.829280523991363, 30.394644329326212, 26.10929447720393]",False
2d8f28c86a7f56a4,0879361214fdad9f,5,2,cross_market,1000,3,6215,22.851352982,"[11.777249151387252, 30.30996294987981, 26.09680431005948]",True
8f769f310490169e,0879361214fdad9f,5,3,nq_only,0.01,3,6419,30.737356522,"[30.303346903855044, 26.149471330722886, 35.35270221398827]",False
af38e858b104b1d7,0879361214fdad9f,5,3,nq_only,0.1,3,6419,30.7373534273,"[30.303341753551837, 26.149467843517158, 35.352701433449354]",False
0ec97eded1ee4a46,0879361214fdad9f,5,3,nq_only,1,3,6419,30.7373224941,"[30.303290274925885, 26.149432986796818, 35.352693630497726]",False
84fff3aa7fa970bc,0879361214fdad9f,5,3,nq_only,10,3,6419,30.7370145409,"[30.30277791771384, 26.14908594679738, 35.35261584383868]",False
7caefda800315237,0879361214fdad9f,5,3,nq_only,100,3,6419,30.7340668825,"[30.297886197574982, 26.145762035351748, 35.351861397694776]",False
c1d292aa6be4f61d,0879361214fdad9f,5,3,nq_only,1000,3,6419,30.7136556512,"[30.26461475981889, 26.12278197695618, 35.34603169559324]",True
9b94b6c60bff134f,0879361214fdad9f,5,3,cross_market,0.01,3,6419,30.7981755894,"[30.416549714503486, 26.11092324783957, 35.454734785696274]",False
fee664652f504209,0879361214fdad9f,5,3,cross_market,0.1,3,6419,30.7981652078,"[30.416526630526594, 26.11092185398967, 35.454728249256]",False
f6b5582278cbd092,0879361214fdad9f,5,3,cross_market,1,3,6419,30.7980615434,"[30.41629619984018, 26.110907904831294, 35.45466294092551]",False
8a4431a43446e238,0879361214fdad9f,5,3,cross_market,10,3,6419,30.7970397627,"[30.414031871650263, 26.11076739000627, 35.45401539313108]",False
db5be2192244c61e,0879361214fdad9f,5,3,cross_market,100,3,6419,30.7880515959,"[30.394644329326212, 26.10929447720393, 35.44803146248325]",False
fd83cb11de3bf004,0879361214fdad9f,5,3,cross_market,1000,3,6419,30.7434215985,"[30.30996294987981, 26.09680431005948, 35.4120439840804]",True
30efe351a32b0f16,0879361214fdad9f,5,4,nq_only,0.01,3,6720,87.0572295481,"[26.149471330722886, 35.35270221398827, 186.10589160765232]",False
fc0e3523517d64e0,0879361214fdad9f,5,4,nq_only,0.1,3,6720,87.0572276246,"[26.149467843517158, 35.352701433449354, 186.105889950805]",False
c3bff0cea1d703b6,0879361214fdad9f,5,4,nq_only,1,3,6720,87.0572083969,"[26.149432986796818, 35.352693630497726, 186.1058733879755]",False
2d45a9f99d3ca08e,0879361214fdad9f,5,4,nq_only,10,3,6720,87.057016871,"[26.14908594679738, 35.35261584383868, 186.1057083217437]",False
05f29382cde46892,0879361214fdad9f,5,4,nq_only,100,3,6720,87.0551736381,"[26.145762035351748, 35.351861397694776, 186.10411162302785]",False
e786d166e8b5fc7e,0879361214fdad9f,5,4,nq_only,1000,3,6720,87.0418022061,"[26.12278197695618, 35.34603169559324, 186.09190124431905]",True
94c20473a81e1de3,0879361214fdad9f,5,4,cross_market,0.01,3,6720,86.9771479709,"[26.11092324783957, 35.454734785696274, 185.82295456717188]",True
a9bc2a92f406a0cf,0879361214fdad9f,5,4,cross_market,0.1,3,6720,86.9771522936,"[26.11092185398967, 35.454728249256, 185.8229737203165]",False
c8ee2c827fc3d723,0879361214fdad9f,5,4,cross_market,1,3,6720,86.977195438,"[26.110907904831294, 35.45466294092551, 185.82316498174143]",False
6432b82e0599386d,0879361214fdad9f,5,4,cross_market,10,3,6720,86.977618787,"[26.11076739000627, 35.45401539313108, 185.82505097386039]",False
2e8f3e5d6b53ac99,0879361214fdad9f,5,4,cross_market,100,3,6720,86.9811531263,"[26.10929447720393, 35.44803146248325, 185.8415817247801]",False
aef27bfb31fdc0f2,0879361214fdad9f,5,4,cross_market,1000,3,6720,86.9906330163,"[26.09680431005948, 35.4120439840804, 185.91149866223776]",False
204b2edbc2416f00,0879361214fdad9f,5,5,nq_only,0.01,3,6943,87.1634313041,"[35.35270221398827, 186.10589160765232, 32.44665201422923]",False
c2f5dbb84b0a4035,0879361214fdad9f,5,5,nq_only,0.1,3,6943,87.1634290613,"[35.352701433449354, 186.105889950805, 32.44664770567081]",False
d5641f1f1467c9b4,0879361214fdad9f,5,5,nq_only,1,3,6943,87.1634066419,"[35.352693630497726, 186.1058733879755, 32.446604636370154]",False
7d48de6ed928f822,0879361214fdad9f,5,5,nq_only,10,3,6943,87.163183254,"[35.35261584383868, 186.1057083217437, 32.446175565559784]",False
b7219bd96be92c00,0879361214fdad9f,5,5,nq_only,100,3,6943,87.1610269984,"[35.351861397694776, 186.10411162302785, 32.442041132984464]",False
af5bf720dfd9cd62,0879361214fdad9f,5,5,nq_only,1000,3,6943,87.1450250418,"[35.34603169559324, 186.09190124431905, 32.41197180071053]",True
701afa80303b4c4d,0879361214fdad9f,5,5,cross_market,0.01,3,6943,87.0992375632,"[35.454734785696274, 185.82295456717188, 32.45253984967859]",True
759c0e77f81dba16,0879361214fdad9f,5,5,cross_market,0.1,3,6943,87.0992396879,"[35.454728249256, 185.8229737203165, 32.452532305485214]",False
b5ae0d9ea29e1c2a,0879361214fdad9f,5,5,cross_market,1,3,6943,87.099260887,"[35.45466294092551, 185.82316498174143, 32.45245695175755]",False
f6e2df436f8e1c62,0879361214fdad9f,5,5,cross_market,10,3,6943,87.0994681892,"[35.45401539313108, 185.82505097386039, 32.45171209593623]",False
f113a63e80a26789,0879361214fdad9f,5,5,cross_market,100,3,6943,87.1011295232,"[35.44803146248325, 185.8415817247801, 32.445011540892025]",False
8ef2600bb7c20994,0879361214fdad9f,5,5,cross_market,1000,3,6943,87.1016348217,"[35.4120439840804, 185.91149866223776, 32.407274554614126]",False
e06c7073ee492621,0879361214fdad9f,5,6,nq_only,0.01,3,6922,83.9182883267,"[186.10589160765232, 32.44665201422923, 24.73462060894152]",False
50f5f0030395fa31,0879361214fdad9f,5,6,nq_only,0.1,3,6922,83.918285927,"[186.105889950805, 32.44664770567081, 24.73461935229074]",False
a23dda17be1d19a3,0879361214fdad9f,5,6,nq_only,1,3,6922,83.9182619378,"[186.1058733879755, 32.446604636370154, 24.7346067888545]",False
24699c10ed2c0907,0879361214fdad9f,5,6,nq_only,10,3,6922,83.9180228746,"[186.1057083217437, 32.446175565559784, 24.734481460862437]",False
24db1008dd2e04f1,0879361214fdad9f,5,6,nq_only,100,3,6922,83.9157120974,"[186.10411162302785, 32.442041132984464, 24.73325805134648]",False
65aecdd040fb2a83,0879361214fdad9f,5,6,nq_only,1000,3,6922,83.8983883431,"[186.09190124431905, 32.41197180071053, 24.723399554714774]",True
9adf7a6839afaddb,0879361214fdad9f,5,6,cross_market,0.01,3,6922,83.8402893834,"[185.82295456717188, 32.45253984967859, 24.795143325187688]",True
8078ef7f97f7a164,0879361214fdad9f,5,6,cross_market,0.1,3,6922,83.8402910929,"[185.8229737203165, 32.452532305485214, 24.795135411059054]",False
1d6fc5215d5e0150,0879361214fdad9f,5,6,cross_market,1,3,6922,83.8403081468,"[185.82316498174143, 32.45245695175755, 24.795056347296963]",False
93b8c94a49936202,0879361214fdad9f,5,6,cross_market,10,3,6922,83.8404746459,"[185.82505097386039, 32.45171209593623, 24.79427336616215]",False
184773cd7a04e5de,0879361214fdad9f,5,6,cross_market,100,3,6922,83.8417858755,"[185.8415817247801, 32.445011540892025, 24.78712443424433]",False
5d418608e2f55603,0879361214fdad9f,5,6,cross_market,1000,3,6922,83.8410797037,"[185.91149866223776, 32.407274554614126, 24.74701065027431]",False
b0eef4aa3e1e3224,0879361214fdad9f,5,7,nq_only,0.01,3,6680,22.0184679995,"[32.44665201422923, 24.73462060894152, 8.427006876477085]",False
108b1cd9f8fad71f,0879361214fdad9f,5,7,nq_only,0.1,3,6680,22.0184661021,"[32.44664770567081, 24.73461935229074, 8.427006835495435]",False
c27c8359c66ed8cb,0879361214fdad9f,5,7,nq_only,1,3,6680,22.0184471348,"[32.446604636370154, 24.7346067888545, 8.427006425936277]",False
4cc71ae3167b3bc4,0879361214fdad9f,5,7,nq_only,10,3,6680,22.0182581244,"[32.446175565559784, 24.734481460862437, 8.427002355990444]",False
6ea8b473aacc52af,0879361214fdad9f,5,7,nq_only,100,3,6680,22.0164319492,"[32.442041132984464, 24.73325805134648, 8.426964134578762]",False
b082c90946669a3d,0879361214fdad9f,5,7,nq_only,1000,3,6680,22.0028562656,"[32.41197180071053, 24.723399554714774, 8.426762233680357]",True
e6e9595caf7b4365,0879361214fdad9f,5,7,cross_market,0.01,3,6680,22.0235512953,"[32.45253984967859, 24.795143325187688, 8.375054451105678]",False
46744b72f39d6968,0879361214fdad9f,5,7,cross_market,0.1,3,6680,22.0235462725,"[32.452532305485214, 24.795135411059054, 8.375054979981645]",False
478c321948f13d40,0879361214fdad9f,5,7,cross_market,1,3,6680,22.0234961078,"[32.45245695175755, 24.795056347296963, 8.375060289677087]",False
31aa3fbb17e9e62b,0879361214fdad9f,5,7,cross_market,10,3,6680,22.0230006282,"[32.45171209593623, 24.79427336616215, 8.375115431409608]",False
1ea6527a21ea13f2,0879361214fdad9f,5,7,cross_market,100,3,6680,22.0185798487,"[32.445011540892025, 24.78712443424433, 8.37582959332145]",False
bf8c922d5cf9c31a,0879361214fdad9f,5,7,cross_market,1000,3,6680,21.9954613952,"[32.407274554614126, 24.74701065027431, 8.385132614584467]",True
a2d854543bae19d9,0879361214fdad9f,5,8,nq_only,0.01,3,6573,15.4209291285,"[24.73462060894152, 8.427006876477085, 12.949740473135947]",False
e76c1d5c74f7ede2,0879361214fdad9f,5,8,nq_only,0.1,3,6573,15.4209284605,"[24.73461935229074, 8.427006835495435, 12.949739774681719]",False
aaa73463167ff40c,0879361214fdad9f,5,8,nq_only,1,3,6573,15.4209217825,"[24.7346067888545, 8.427006425936277, 12.949732791441404]",False
64ffd8feb3f3448b,0879361214fdad9f,5,8,nq_only,10,3,6573,15.4208551573,"[24.734481460862437, 8.427002355990444, 12.949663088976651]",False
6f4ecd3fc1b76a83,0879361214fdad9f,5,8,nq_only,100,3,6573,15.4202040094,"[24.73325805134648, 8.426964134578762, 12.948978804513082]",False
2db12c23f623770c,0879361214fdad9f,5,8,nq_only,1000,3,6573,15.4149044893,"[24.723399554714774, 8.426762233680357, 12.943198536364536]",True
e8f321de720ce646,0879361214fdad9f,5,8,cross_market,0.01,3,6573,15.4139858298,"[24.795143325187688, 8.375054451105678, 12.91918865928518]",False
971efbe561898625,0879361214fdad9f,5,8,cross_market,0.1,3,6573,15.4139842271,"[24.795135411059054, 8.375054979981645, 12.919191364588393]",False
74b7aac40e0ea768,0879361214fdad9f,5,8,cross_market,1,3,6573,15.4139682248,"[24.795056347296963, 8.375060289677087, 12.919218389257363]",False
df2c2c60172bbef4,0879361214fdad9f,5,8,cross_market,10,3,6573,15.4138105377,"[24.79427336616215, 8.375115431409608, 12.91948582102624]",False
a543c8e900c61a0d,0879361214fdad9f,5,8,cross_market,100,3,6573,15.4124314473,"[24.78712443424433, 8.37582959332145, 12.921898826703565]",False
90bf2d0521be7ae2,0879361214fdad9f,5,8,cross_market,1000,3,6573,15.4052826269,"[24.74701065027431, 8.385132614584467, 12.931879521814741]",True
ef4f53bd7bf874f2,0879361214fdad9f,5,9,nq_only,0.01,3,6533,9.69540132903,"[8.427006876477085, 12.949740473135947, 7.7317163597439755]",False
0b596e0ececc3840,0879361214fdad9f,5,9,nq_only,0.1,3,6533,9.69540102909,"[8.427006835495435, 12.949739774681719, 7.731716196152297]",False
d1618f69d8b00674,0879361214fdad9f,5,9,nq_only,1,3,6533,9.69539803031,"[8.427006425936277, 12.949732791441404, 7.731714560600036]",False
81cdd71abb1544e5,0879361214fdad9f,5,9,nq_only,10,3,6533,9.69536810632,"[8.427002355990444, 12.949663088976651, 7.731698241456144]",False
cd27860c79b70834,0879361214fdad9f,5,9,nq_only,100,3,6533,9.69507511061,"[8.426964134578762, 12.948978804513082, 7.731538614215687]",False
d7d08764cbd49efd,0879361214fdad9f,5,9,nq_only,1000,3,6533,9.6926563488,"[8.426762233680357, 12.943198536364536, 7.730237342123227]",True
fadae603137ea83d,0879361214fdad9f,5,9,cross_market,0.01,3,6533,9.67950066273,"[8.375054451105678, 12.91918865928518, 7.7666101312932385]",True
fadd9755c0525adc,0879361214fdad9f,5,9,cross_market,0.1,3,6533,9.6795008384,"[8.375054979981645, 12.919191364588393, 7.766607435253497]",False
0701fad655f904a5,0879361214fdad9f,5,9,cross_market,1,3,6533,9.67950260256,"[8.375060289677087, 12.919218389257363, 7.766580504679423]",False
716d5abdc06049a1,0879361214fdad9f,5,9,cross_market,10,3,6533,9.67952097801,"[8.375115431409608, 12.91948582102624, 7.7663141465910615]",False
b2caf41fdda701ad,0879361214fdad9f,5,9,cross_market,100,3,6533,9.67976045852,"[8.37582959332145, 12.921898826703565, 7.763914218482323]",False
dbb2c4a2267059ef,0879361214fdad9f,5,9,cross_market,1000,3,6533,9.68219966267,"[8.385132614584467, 12.931879521814741, 7.751954688595815]",False
fbf54efc0aac9439,0879361214fdad9f,5,10,nq_only,0.01,3,6521,12.5007485381,"[12.949740473135947, 7.7317163597439755, 16.827029126858235]",False
1645be4a38391ece,0879361214fdad9f,5,10,nq_only,0.1,3,6521,12.5007480522,"[12.949739774681719, 7.731716196152297, 16.827028530097287]",False
a520ffaa96f65771,0879361214fdad9f,5,10,nq_only,1,3,6521,12.5007431945,"[12.949732791441404, 7.731714560600036, 16.827022563870955]",False
7bece6fca867525e,0879361214fdad9f,5,10,nq_only,10,3,6521,12.5006947183,"[12.949663088976651, 7.731698241456144, 16.82696303963362]",False
2e817430bf28aff8,0879361214fdad9f,5,10,nq_only,100,3,6521,12.5002198919,"[12.948978804513082, 7.731538614215687, 16.82638131605793]",False
93c11ebca9f8bd01,0879361214fdad9f,5,10,nq_only,1000,3,6521,12.4962957372,"[12.943198536364536, 7.730237342123227, 16.82168030469473]",True
501f67f70b7a9147,0879361214fdad9f,5,10,cross_market,0.01,3,6521,12.589246022,"[12.91918865928518, 7.7666101312932385, 17.087736497497914]",False
b34dbec00c4b8c16,0879361214fdad9f,5,10,cross_market,0.1,3,6521,12.58923829,"[12.919191364588393, 7.766607435253497, 17.08771333093753]",False
99fe2fc497f15558,0879361214fdad9f,5,10,cross_market,1,3,6521,12.5891610431,"[12.919218389257363, 7.766580504679423, 17.087481881149785]",False
56d4284184139351,0879361214fdad9f,5,10,cross_market,10,3,6521,12.5883957565,"[12.91948582102624, 7.7663141465910615, 17.085188760303975]",False
6e796494aedfa947,0879361214fdad9f,5,10,cross_market,100,3,6521,12.5813951101,"[12.921898826703565, 7.763914218482323, 17.06420845013179]",False
36eec42a7acba8c5,0879361214fdad9f,5,10,cross_market,1000,3,6521,12.5439600001,"[12.931879521814741, 7.751954688595815, 16.954054653004086]",True
77b4b89e6362aae9,0879361214fdad9f,5,11,nq_only,0.01,3,6613,19.4084703869,"[7.7317163597439755, 16.827029126858235, 33.15313017122129]",False
9c0fc987a31791f7,0879361214fdad9f,5,11,nq_only,0.1,3,6613,19.4084700031,"[7.731716196152297, 16.827028530097287, 33.153129780233954]",False
2e25e27801d5d39f,0879361214fdad9f,5,11,nq_only,1,3,6613,19.4084661658,"[7.731714560600036, 16.827022563870955, 33.15312587108256]",False
ee6aa336283364a8,0879361214fdad9f,5,11,nq_only,10,3,6613,19.4084278757,"[7.731698241456144, 16.82696303963362, 33.15308685161181]",False
7205c58efcea3056,0879361214fdad9f,5,11,nq_only,100,3,6613,19.4080530045,"[7.731538614215687, 16.82638131605793, 33.15270370674017]",False
84b78f1160f6dd7f,0879361214fdad9f,5,11,nq_only,1000,3,6613,19.4049657137,"[7.730237342123227, 16.82168030469473, 33.14944886696025]",True
ee8dc16a368d0c3d,0879361214fdad9f,5,11,cross_market,0.01,3,6613,19.5059225238,"[7.7666101312932385, 17.087736497497914, 33.15364062220751]",False
6adaba9566ebd64b,0879361214fdad9f,5,11,cross_market,0.1,3,6613,19.505913243,"[7.766607435253497, 17.08771333093753, 33.15363836813779]",False
03989be75f472114,0879361214fdad9f,5,11,cross_market,1,3,6613,19.505820522,"[7.766580504679423, 17.087481881149785, 33.15361584753914]",False
26b8c687651e88c1,0879361214fdad9f,5,11,cross_market,10,3,6613,19.5049019964,"[7.7663141465910615, 17.085188760303975, 33.15339262877269]",False
3de03c0dc00e3dc1,0879361214fdad9f,5,11,cross_market,100,3,6613,19.4965064118,"[7.763914218482323, 17.06420845013179, 33.15133871009172]",False
754e5df8ad68c78e,0879361214fdad9f,5,11,cross_market,1000,3,6613,19.4520953151,"[7.751954688595815, 16.954054653004086, 33.1389668356497]",True
c473d2a77c8a61d2,0879361214fdad9f,5,12,nq_only,0.01,3,6642,20.902653499,"[16.827029126858235, 33.15313017122129, 12.381915769740518]",False
1390e94be831cb1c,0879361214fdad9f,5,12,nq_only,0.1,3,6642,20.9026530651,"[16.827028530097287, 33.153129780233954, 12.381915452307469]",False
cbf23c85128fd10c,0879361214fdad9f,5,12,nq_only,1,3,6642,20.9026487264,"[16.827022563870955, 33.15312587108256, 12.381912278505686]",False
8d57cdf007d29e61,0879361214fdad9f,5,12,nq_only,10,3,6642,20.9026054263,"[16.82696303963362, 33.15308685161181, 12.381880593270639]",False
527b6046a77d02fd,0879361214fdad9f,5,12,nq_only,100,3,6642,20.9021809773,"[16.82638131605793, 33.15270370674017, 12.381568932510332]",False
fd2a33054762523c,0879361214fdad9f,5,12,nq_only,1000,3,6642,20.8986460489,"[16.82168030469473, 33.14944886696025, 12.378897020078313]",True
9824b668ed10fb3a,0879361214fdad9f,5,12,cross_market,0.01,3,6642,20.9687087474,"[17.087736497497914, 33.15364062220751, 12.323142146037563]",False
9f0d386ce071acc8,0879361214fdad9f,5,12,cross_market,0.1,3,6642,20.968700293,"[17.08771333093753, 33.15363836813779, 12.32314185063502]",False
7d0f9bff94662141,0879361214fdad9f,5,12,cross_market,1,3,6642,20.9686158281,"[17.087481881149785, 33.15361584753914, 12.323138902288953]",False
604c3e7974968cda,0879361214fdad9f,5,12,cross_market,10,3,6642,20.9677790446,"[17.085188760303975, 33.15339262877269, 12.323109978942464]",False
ea58c904efa14918,0879361214fdad9f,5,12,cross_market,100,3,6642,20.9601272634,"[17.06420845013179, 33.15133871009172, 12.32286975527685]",False
6667603283e5ff1a,0879361214fdad9f,5,12,cross_market,1000,3,6642,20.9196374805,"[16.954054653004086, 33.1389668356497, 12.322285065186305]",True
6473948fef2698eb,0879361214fdad9f,5,13,nq_only,0.01,3,6671,22.1965036972,"[33.15313017122129, 12.381915769740518, 20.79504172491157]",False
501cd633b63218a6,0879361214fdad9f,5,13,nq_only,0.1,3,6671,22.1965034935,"[33.153129780233954, 12.381915452307469, 20.795041827024733]",False
201e3463058fc20e,0879361214fdad9f,5,13,nq_only,1,3,6671,22.1965014573,"[33.15312587108256, 12.381912278505686, 20.79504284819141]",False
3cd70e16fbdcac30,0879361214fdad9f,5,13,nq_only,10,3,6671,22.196481138,"[33.15308685161181, 12.381880593270639, 20.79505306334256]",False
0b977218da80b03d,0879361214fdad9f,5,13,nq_only,100,3,6671,22.1962821587,"[33.15270370674017, 12.381568932510332, 20.795155543339877]",False
001b38c46dc9b6cf,0879361214fdad9f,5,13,nq_only,1000,3,6671,22.1946401935,"[33.14944886696025, 12.378897020078313, 20.79619683302653]",True
29616a3941d21a4b,0879361214fdad9f,5,13,cross_market,0.01,3,6671,22.1776672058,"[33.15364062220751, 12.323142146037563, 20.796357844797573]",False
555add394662e599,0879361214fdad9f,5,13,cross_market,0.1,3,6671,22.1776671769,"[33.15363836813779, 12.32314185063502, 20.79636036252767]",False
ad9b141db6dcc168,0879361214fdad9f,5,13,cross_market,1,3,6671,22.1776668932,"[33.15361584753914, 12.323138902288953, 20.796385527345457]",False
339f453644c7a16f,0879361214fdad9f,5,13,cross_market,10,3,6671,22.1776645034,"[33.15339262877269, 12.323109978942464, 20.79663593207564]",True
8b4a20a4095c8328,0879361214fdad9f,5,13,cross_market,100,3,6671,22.1776776774,"[33.15133871009172, 12.32286975527685, 20.799020448841492]",False
07dcb1e9c61a485b,0879361214fdad9f,5,13,cross_market,1000,3,6671,22.1784665443,"[33.1389668356497, 12.322285065186305, 20.814667163814896]",False
b668246d325442fb,0879361214fdad9f,5,14,nq_only,0.01,3,6748,22.4560722879,"[12.381915769740518, 20.79504172491157, 33.54178967961931]",False
56f1e1b8067aeeab,0879361214fdad9f,5,14,nq_only,0.1,3,6748,22.456071991,"[12.381915452307469, 20.795041827024733, 33.54178902553122]",False
687b03e917d1e9ff,0879361214fdad9f,5,14,nq_only,1,3,6748,22.4560690228,"[12.381912278505686, 20.79504284819141, 33.5417824857194]",False
220bd74b9671a213,0879361214fdad9f,5,14,nq_only,10,3,6748,22.4560393954,"[12.381880593270639, 20.79505306334256, 33.54171719435573]",False
c4f51c5aacd41233,0879361214fdad9f,5,14,nq_only,100,3,6748,22.4557485688,"[12.381568932510332, 20.795155543339877, 33.54107480101082]",False
8ae24ee0256c819f,0879361214fdad9f,5,14,nq_only,1000,3,6748,22.4533082294,"[12.378897020078313, 20.79619683302653, 33.5355668629632]",True
effcfdd1f5d1c4dc,0879361214fdad9f,5,14,cross_market,0.01,3,6748,22.429236688,"[12.323142146037563, 20.796357844797573, 33.518555396600334]",False
ef0cb1553d3a763e,0879361214fdad9f,5,14,cross_market,0.1,3,6748,22.4292364339,"[12.32314185063502, 20.79636036252767, 33.518552565247106]",False
5e98a31811f472ed,0879361214fdad9f,5,14,cross_market,1,3,6748,22.4292338998,"[12.323138902288953, 20.796385527345457, 33.51852427694918]",False
9168af34c463ffea,0879361214fdad9f,5,14,cross_market,10,3,6748,22.4292092009,"[12.323109978942464, 20.79663593207564, 33.51824389298977]",False
0b6d9d71256b61a9,0879361214fdad9f,5,14,cross_market,100,3,6748,22.4290179666,"[12.32286975527685, 20.799020448841492, 33.51566763661049]",False
4d06fbb03dc25740,0879361214fdad9f,5,14,cross_market,1000,3,6748,22.4289685394,"[12.322285065186305, 20.814667163814896, 33.5013079917318]",True
23fb58c5a943b5a2,0879361214fdad9f,5,15,nq_only,0.01,3,6941,49.4186204055,"[20.79504172491157, 33.54178967961931, 91.16998189138216]",False
58516cfebedc95fd,0879361214fdad9f,5,15,nq_only,0.1,3,6941,49.4186195131,"[20.795041827024733, 33.54178902553122, 91.16997985327575]",False
6325f12c88253098,0879361214fdad9f,5,15,nq_only,1,3,6941,49.4186105902,"[20.79504284819141, 33.5417824857194, 91.16995947478769]",False
641f8744ca75bca3,0879361214fdad9f,5,15,nq_only,10,3,6941,49.4185214874,"[20.79505306334256, 33.54171719435573, 91.16975594716759]",False
acc0ea29c2e6f2c6,0879361214fdad9f,5,15,nq_only,100,3,6941,49.4176428896,"[20.795155543339877, 33.54107480101082, 91.16774607840965]",False
5ca12dd6a6acc2ad,0879361214fdad9f,5,15,nq_only,1000,3,6941,49.4099507991,"[20.79619683302653, 33.5355668629632, 91.1499042865138]",True
cce4c58541b95ed9,0879361214fdad9f,5,15,cross_market,0.01,3,6941,49.4446037007,"[20.796357844797573, 33.518555396600334, 91.26653326353158]",False
d84015e0fa82fb4c,0879361214fdad9f,5,15,cross_market,0.1,3,6941,49.4446019576,"[20.79636036252767, 33.518552565247106, 91.26652866482311]",False
663ee5fc9baff8f7,0879361214fdad9f,5,15,cross_market,1,3,6941,49.4445845385,"[20.796385527345457, 33.51852427694918, 91.26648270110795]",False
c9461b129823cedd,0879361214fdad9f,5,15,cross_market,10,3,6941,49.4444115951,"[20.79663593207564, 33.51824389298977, 91.26602538228424]",False
ff669e55123239bb,0879361214fdad9f,5,15,cross_market,100,3,6941,49.4427950084,"[20.799020448841492, 33.51566763661049, 91.26166686033316]",False
e71ee4ee875e00cb,0879361214fdad9f,5,15,cross_market,1000,3,6941,49.4320888557,"[20.814667163814896, 33.5013079917318, 91.23030507604396]",True
ad998a34aeaad34f,0879361214fdad9f,1,0,nq_only,0.01,3,30728,14.1616319091,"[16.667511779999693, 13.29374723053834, 12.346906834187452]",False
7068663c1a75ba4f,0879361214fdad9f,1,0,nq_only,0.1,3,30728,14.1616313018,"[16.667510683389256, 13.29374688272887, 12.346906486347663]",False
8394d78ebbe9b2cc,0879361214fdad9f,1,0,nq_only,1,3,30728,14.1616252302,"[16.667499718976316, 13.293743405089907, 12.346903008219062]",False
5351e0a480216a61,0879361214fdad9f,1,0,nq_only,10,3,30728,14.1615645959,"[16.667390243708336, 13.293708674218816, 12.346868253839494]",False
05f72748c8f92749,0879361214fdad9f,1,0,nq_only,100,3,30728,14.1609663676,"[16.666312105007684, 13.293365862632886, 12.346523379198235]",False
d907709ad79718c8,0879361214fdad9f,1,0,nq_only,1000,3,30728,14.1556920929,"[16.65695914321902, 13.2903386487755, 12.343321741125498]",True
118bef0a0a70ed5e,0879361214fdad9f,1,0,cross_market,0.01,3,30728,14.1862289205,"[16.69456602832824, 13.29660377523673, 12.391781428385496]",False
9827304c544dd167,0879361214fdad9f,1,0,cross_market,0.1,3,30728,14.1862277822,"[16.694564541196122, 13.296602845739203, 12.391780450018073]",False
2827141f8fc709bd,0879361214fdad9f,1,0,cross_market,1,3,30728,14.1862164017,"[16.69454967169204, 13.296593552610583, 12.391770667859841]",False
d5606da2c86b3d91,0879361214fdad9f,1,0,cross_market,10,3,30728,14.1861027689,"[16.694401158739804, 13.296500805405879, 12.391672997400173]",False
59a663262bb7fd63,0879361214fdad9f,1,0,cross_market,100,3,30728,14.1849835158,"[16.692934563092983, 13.295591192481504, 12.390710949679725]",False
079d52d6c058a76c,0879361214fdad9f,1,0,cross_market,1000,3,30728,14.1752922434,"[16.680158174431853, 13.287921219128314, 12.382247817025664]",True
98f220468f6efb7b,0879361214fdad9f,1,1,nq_only,0.01,3,30304,18.5545288119,"[13.29374723053834, 12.346906834187452, 29.794575056173578]",False
f57bbd860bbd344e,0879361214fdad9f,1,1,nq_only,0.1,3,30304,18.5545284781,"[13.29374688272887, 12.346906486347663, 29.79457474974272]",False
548568b7a28b8714,0879361214fdad9f,1,1,nq_only,1,3,30304,18.5545251398,"[13.293743405089907, 12.346903008219062, 29.794571685715123]",False
9286a08d436c4b5b,0879361214fdad9f,1,1,nq_only,10,3,30304,18.5544917906,"[13.293708674218816, 12.346868253839494, 29.794541073515674]",False
8c2cc44c12a1b44b,0879361214fdad9f,1,1,nq_only,100,3,30304,18.5541616295,"[13.293365862632886, 12.346523379198235, 29.79423773689071]",False
2884a2efe3929362,0879361214fdad9f,1,1,nq_only,1000,3,30304,18.5511631035,"[13.2903386487755, 12.343321741125498, 29.791462247734845]",True
985dc74df2a8b075,0879361214fdad9f,1,1,cross_market,0.01,3,30304,18.5629241177,"[13.29660377523673, 12.391781428385496, 29.77369987600017]",False
45e8ec34dd84ec80,0879361214fdad9f,1,1,cross_market,0.1,3,30304,18.5629233937,"[13.296602845739203, 12.391780450018073, 29.773699602320605]",False
13e9a57448f8781d,0879361214fdad9f,1,1,cross_market,1,3,30304,18.5629161545,"[13.296593552610583, 12.391770667859841, 29.77369686572287]",False
d097dd369553d05c,0879361214fdad9f,1,1,cross_market,10,3,30304,18.5628438811,"[13.296500805405879, 12.391672997400173, 29.77366951951597]",False
e5c04d1a70d7d4b9,0879361214fdad9f,1,1,cross_market,100,3,30304,18.5621326104,"[13.295591192481504, 12.390710949679725, 29.773398015143773]",False
3f488d837217f3ee,0879361214fdad9f,1,1,cross_market,1000,3,30304,18.5559415977,"[13.287921219128314, 12.382247817025664, 29.770870479877736]",True
fef1fd20653cb46b,0879361214fdad9f,1,2,nq_only,0.01,3,30001,22.7096946805,"[12.346906834187452, 29.794575056173578, 25.586736383035507]",False
05e4000f92fe8c57,0879361214fdad9f,1,2,nq_only,0.1,3,30001,22.7096943607,"[12.346906486347663, 29.79457474974272, 25.586736076756594]",False
c14461094c545c1e,0879361214fdad9f,1,2,nq_only,1,3,30001,22.7096911623,"[12.346903008219062, 29.794571685715123, 25.58673301410497]",False
4dbbfb1ecab0cc78,0879361214fdad9f,1,2,nq_only,10,3,30001,22.7096592013,"[12.346868253839494, 29.794541073515674, 25.586702401333014]",False
fe35f646d6116df1,0879361214fdad9f,1,2,nq_only,100,3,30001,22.7093418655,"[12.346523379198235, 29.79423773689071, 25.58639764173806]",False
a4e073a1a6a77e82,0879361214fdad9f,1,2,nq_only,1000,3,30001,22.7063804695,"[12.343321741125498, 29.791462247734845, 25.583480831149174]",True
a1300392524d2689,0879361214fdad9f,1,2,cross_market,0.01,3,30001,22.6894502052,"[12.391781428385496, 29.77369987600017, 25.503597490901463]",False
50711a5ccda8debf,0879361214fdad9f,1,2,cross_market,0.1,3,30001,22.6894497841,"[12.391780450018073, 29.773699602320605, 25.503597463147237]",False
fca30867d776210b,0879361214fdad9f,1,2,cross_market,1,3,30001,22.6894455741,"[12.391770667859841, 29.77369686572287, 25.503597185557076]",False
f646aa493d531656,0879361214fdad9f,1,2,cross_market,10,3,30001,22.6894035283,"[12.391672997400173, 29.77366951951597, 25.50359440483818]",False
d6064dcb91594259,0879361214fdad9f,1,2,cross_market,100,3,30001,22.6889883419,"[12.390710949679725, 29.773398015143773, 25.50356609503076]",False
7a77e35bb5a9b3e4,0879361214fdad9f,1,2,cross_market,1000,3,30001,22.685259031,"[12.382247817025664, 29.770870479877736, 25.50322859512539]",True
129d316c4fe443ce,0879361214fdad9f,1,3,nq_only,0.01,3,30780,30.7037837507,"[29.794575056173578, 25.586736383035507, 36.441973991706426]",False
18557228e54c2643,0879361214fdad9f,1,3,nq_only,0.1,3,30780,30.7037834186,"[29.79457474974272, 25.586736076756594, 36.441973610410066]",False
7e0c2b9a815b9ae3,0879361214fdad9f,1,3,nq_only,1,3,30780,30.7037800985,"[29.794571685715123, 25.58673301410497, 36.4419697975928]",False
67e843149b4ff01c,0879361214fdad9f,1,3,nq_only,10,3,30780,30.7037469157,"[29.794541073515674, 25.586702401333014, 36.44193168404776]",False
2000a9cfe4610e6a,0879361214fdad9f,1,3,nq_only,100,3,30780,30.7034169572,"[29.79423773689071, 25.58639764173806, 36.44155200572468]",False
d9f6ed32993cf966,0879361214fdad9f,1,3,nq_only,1000,3,30780,30.7002936217,"[29.791462247734845, 25.583480831149174, 36.43789551330212]",True
bb6c387cea85c7d9,0879361214fdad9f,1,3,cross_market,0.01,3,30780,30.6679694006,"[29.77369987600017, 25.503597490901463, 36.43660031635419]",False
15fe1a1e8bb1deb4,0879361214fdad9f,1,3,cross_market,0.1,3,30780,30.6679691292,"[29.773699602320605, 25.503597463147237, 36.43659981598504]",False
6c0062dee607e052,0879361214fdad9f,1,3,cross_market,1,3,30780,30.6679664156,"[29.77369686572287, 25.503597185557076, 36.43659481240283]",False
a3db4c87676a4fcf,0879361214fdad9f,1,3,cross_market,10,3,30780,30.6679392881,"[29.77366951951597, 25.50359440483818, 36.43654478750641]",False
8502c0784abd0487,0879361214fdad9f,1,3,cross_market,100,3,30780,30.6676688759,"[29.773398015143773, 25.50356609503076, 36.436045635009116]",False
f9f3a0174b879273,0879361214fdad9f,1,3,cross_market,1000,3,30780,30.6650500297,"[29.770870479877736, 25.50322859512539, 36.43117288364143]",True
0a14ee2ab1b58584,0879361214fdad9f,1,4,nq_only,0.01,3,32151,85.3846271976,"[25.586736383035507, 36.441973991706426, 181.54910992915933]",False
c18314ca770ab819,0879361214fdad9f,1,4,nq_only,0.1,3,32151,85.3846269179,"[25.586736076756594, 36.441973610410066, 181.5491097648628]",False
84e7dca9132f9799,0879361214fdad9f,1,4,nq_only,1,3,32151,85.3846241211,"[25.58673301410497, 36.4419697975928, 181.5491081220329]",False
96d8ed3423130bb0,0879361214fdad9f,1,4,nq_only,10,3,32151,85.3845961673,"[25.586702401333014, 36.44193168404776, 181.54909170726881]",False
a267f8835c4be369,0879361214fdad9f,1,4,nq_only,100,3,32151,85.3843180186,"[25.58639764173806, 36.44155200572468, 181.5489289069873]",False
f019b4867ae24897,0879361214fdad9f,1,4,nq_only,1000,3,32151,85.3816697423,"[25.583480831149174, 36.43789551330212, 181.5474297684863]",True
ac325130add7ace7,0879361214fdad9f,1,4,cross_market,0.01,3,32151,85.288324854,"[25.503597490901463, 36.43660031635419, 181.35871598071535]",True
e38f32f299498c64,0879361214fdad9f,1,4,cross_market,0.1,3,32151,85.288324904,"[25.503597463147237, 36.43659981598504, 181.35871659837102]",False
4bd1df0bb6518bfd,0879361214fdad9f,1,4,cross_market,1,3,32151,85.2883254029,"[25.503597185557076, 36.43659481240283, 181.35872277381822]",False
8c461b0d186af2aa,0879361214fdad9f,1,4,cross_market,10,3,32151,85.2883303541,"[25.50359440483818, 36.43654478750641, 181.35878441758]",False
cf9625b1a097f3fa,0879361214fdad9f,1,4,cross_market,100,3,32151,85.2883761534,"[25.50356609503076, 36.436045635009116, 181.35938999539079]",False
c0b24136364a4a2b,0879361214fdad9f,1,4,cross_market,1000,3,32151,85.2885315046,"[25.50322859512539, 36.43117288364143, 181.36454537507868]",False
e274194e7870766b,0879361214fdad9f,1,5,nq_only,0.01,3,32994,86.1536875656,"[36.441973991706426, 181.54910992915933, 32.56886276406047]",False
2ba4a145bf32fb2c,0879361214fdad9f,1,5,nq_only,0.1,3,32994,86.1536873853,"[36.441973610410066, 181.5491097648628, 32.56886276178854]",False
61a7810fff34d43c,0879361214fdad9f,1,5,nq_only,1,3,32994,86.1536855817,"[36.4419697975928, 181.5491081220329, 32.56886273902827]",False
3002fb66a2312557,0879361214fdad9f,1,5,nq_only,10,3,32994,86.1536675544,"[36.44193168404776, 181.54909170726881, 32.56886250734283]",False
372e82d9fb21d189,0879361214fdad9f,1,5,nq_only,100,3,32994,86.1534880864,"[36.44155200572468, 181.5489289069873, 32.56885978439741]",False
d21d0edbff040e68,0879361214fdad9f,1,5,nq_only,1000,3,32994,86.1517708649,"[36.43789551330212, 181.5474297684863, 32.56879405119528]",True
58bfda78c793187b,0879361214fdad9f,1,5,cross_market,0.01,3,32994,86.0843873332,"[36.43660031635419, 181.35871598071535, 32.56678254762354]",False
ae96523db83e9afa,0879361214fdad9f,1,5,cross_market,0.1,3,32994,86.084387308,"[36.43659981598504, 181.35871659837102, 32.566782297425796]",False
a4709911633b52f2,0879361214fdad9f,1,5,cross_market,1,3,32994,86.0843870555,"[36.43659481240283, 181.35872277381822, 32.56677979615219]",False
0f914a4f25981622,0879361214fdad9f,1,5,cross_market,10,3,32994,86.0843845186,"[36.43654478750641, 181.35878441758, 32.56675485356972]",False
6efe4a284b597121,0879361214fdad9f,1,5,cross_market,100,3,32994,86.0843579192,"[36.436045635009116, 181.35938999539079, 32.56651222198298]",False
659c965e823f0a65,0879361214fdad9f,1,5,cross_market,1000,3,32994,86.0839812597,"[36.43117288364143, 181.36454537507868, 32.56459579388651]",True
e7d3abf4efee6a5d,0879361214fdad9f,1,6,nq_only,0.01,3,32924,82.5828110383,"[181.54910992915933, 32.56886276406047, 24.888346165393955]",False
52b2e66bb17fb7fa,0879361214fdad9f,1,6,nq_only,0.1,3,32924,82.5828109507,"[181.5491097648628, 32.56886276178854, 24.888346074351993]",False
f515c6d24afd2526,0879361214fdad9f,1,6,nq_only,1,3,32924,82.5828100751,"[181.5491081220329, 32.56886273902827, 24.888345163993343]",False
f4b11780ada107cd,0879361214fdad9f,1,6,nq_only,10,3,32924,82.5828013238,"[181.54909170726881, 32.56886250734283, 24.88833606649724]",False
2655ddc0bda56dfb,0879361214fdad9f,1,6,nq_only,100,3,32924,82.5827143449,"[181.5489289069873, 32.56885978439741, 24.88824569746956]",False
e31a766b5a0b9381,0879361214fdad9f,1,6,nq_only,1000,3,32924,82.5818955763,"[181.5474297684863, 32.56879405119528, 24.887399638950722]",True
65a48293347fbc77,0879361214fdad9f,1,6,cross_market,0.01,3,32924,82.5301347642,"[181.35871598071535, 32.56678254762354, 24.935640435265462]",False
c988afd9cbea962f,0879361214fdad9f,1,6,cross_market,0.1,3,32924,82.530134744,"[181.35871659837102, 32.566782297425796, 24.935639947471568]",False
d29eebf5b4602f85,0879361214fdad9f,1,6,cross_market,1,3,32924,82.5301345418,"[181.35872277381822, 32.56677979615219, 24.935635070302258]",False
e394fc2446894af4,0879361214fdad9f,1,6,cross_market,10,3,32924,82.5301325291,"[181.35878441758, 32.56675485356972, 24.935586375395072]",False
79f05928c886e47a,0879361214fdad9f,1,6,cross_market,100,3,32924,82.5301132064,"[181.35938999539079, 32.56651222198298, 24.93510693253262]",False
7e40598ed1bd7c23,0879361214fdad9f,1,6,cross_market,1000,3,32924,82.5299662741,"[181.36454537507868, 32.56459579388651, 24.930926059626458]",True
d82552bd9e634e8c,0879361214fdad9f,1,7,nq_only,0.01,3,31307,22.3343484446,"[32.56886276406047, 24.888346165393955, 8.516821124718977]",False
5618cad60f2ce6ec,0879361214fdad9f,1,7,nq_only,0.1,3,31307,22.3343483939,"[32.56886276178854, 24.888346074351993, 8.516821063583533]",False
d93da5857c70b806,0879361214fdad9f,1,7,nq_only,1,3,31307,22.3343478865,"[32.56886273902827, 24.888345163993343, 8.51682045224241]",False
abde4bab6f772756,0879361214fdad9f,1,7,nq_only,10,3,31307,22.3343428141,"[32.56886250734283, 24.88833606649724, 8.516814340162817]",False
20964cca0e9d4ae2,0879361214fdad9f,1,7,nq_only,100,3,31307,22.3342921938,"[32.56885978439741, 24.88824569746956, 8.516753352051632]",False
c01deea35a153c53,0879361214fdad9f,1,7,nq_only,1000,3,31307,22.3337960106,"[32.56879405119528, 24.887399638950722, 8.51615628066732]",True
f77f1f5c790baa4e,0879361214fdad9f,1,7,cross_market,0.01,3,31307,22.3535432448,"[32.56678254762354, 24.935640435265462, 8.529652741722467]",False
5a57f2269283056e,0879361214fdad9f,1,7,cross_market,0.1,3,31307,22.3535429268,"[32.566782297425796, 24.935639947471568, 8.529652528492447]",False
16eb8576567b0717,0879361214fdad9f,1,7,cross_market,1,3,31307,22.3535397481,"[32.56677979615219, 24.935635070302258, 8.529650396553992]",False
d635240be263ec26,0879361214fdad9f,1,7,cross_market,10,3,31307,22.3535080228,"[32.56675485356972, 24.935586375395072, 8.529629113242125]",False
8ca77fc5b1a0badf,0879361214fdad9f,1,7,cross_market,100,3,31307,22.3531967546,"[32.56651222198298, 24.93510693253262, 8.529419788247486]",False
88140c3b59a4dbb3,0879361214fdad9f,1,7,cross_market,1000,3,31307,22.3505532758,"[32.56459579388651, 24.930926059626458, 8.52759987274879]",True
b210db2c05e5e4e2,0879361214fdad9f,1,8,nq_only,0.01,3,30757,15.1764143476,"[24.888346165393955, 8.516821124718977, 11.749026181417484]",False
3f5da200da0e77bf,0879361214fdad9f,1,8,nq_only,0.1,3,30757,15.1764142593,"[24.888346074351993, 8.516821063583533, 11.749026069722257]",False
406bd3a727dcd5fb,0879361214fdad9f,1,8,nq_only,1,3,30757,15.1764133767,"[24.888345163993343, 8.51682045224241, 11.74902495280082]",False
17ee4ab932f0215c,0879361214fdad9f,1,8,nq_only,10,3,30757,15.1764045545,"[24.88833606649724, 8.516814340162817, 11.749013786669826]",False
396f6e7c5de26dc9,0879361214fdad9f,1,8,nq_only,100,3,30757,15.1763166849,"[24.88824569746956, 8.516753352051632, 11.748902432610317]",False
efc8475edace2f0b,0879361214fdad9f,1,8,nq_only,1000,3,30757,15.1754717176,"[24.887399638950722, 8.51615628066732, 11.747818570062087]",True
ba5920959b29d336,0879361214fdad9f,1,8,cross_market,0.01,3,30757,15.2009562678,"[24.935640435265462, 8.529652741722467, 11.761771286470362]",False
9b98e6fc295d332d,0879361214fdad9f,1,8,cross_market,0.1,3,30757,15.200955998,"[24.935639947471568, 8.529652528492447, 11.761771183554465]",False
29350bbeaf4c8713,0879361214fdad9f,1,8,cross_market,1,3,30757,15.2009533003,"[24.935635070302258, 8.529650396553992, 11.761770154347612]",False
9f3aee223825b2fd,0879361214fdad9f,1,8,cross_market,10,3,30757,15.2009263602,"[24.935586375395072, 8.529629113242125, 11.76175985749393]",False
6c6a1b5399ead56a,0879361214fdad9f,1,8,cross_market,100,3,30757,15.2006604948,"[24.93510693253262, 8.529419788247486, 11.76165641486483]",False
8ff8063752bef93a,0879361214fdad9f,1,8,cross_market,1000,3,30757,15.1982854453,"[24.930926059626458, 8.52759987274879, 11.760580044920845]",True
85755675b0f7afa5,0879361214fdad9f,1,9,nq_only,0.01,3,30490,9.58897411633,"[8.516821124718977, 11.749026181417484, 8.45661581716345]",False
722d14a629200022,0879361214fdad9f,1,9,nq_only,0.1,3,30490,9.58897404627,"[8.516821063583533, 11.749026069722257, 8.456615780405286]",False
9cb9711759dbe654,0879361214fdad9f,1,9,nq_only,1,3,30490,9.5889733457,"[8.51682045224241, 11.74902495280082, 8.456615412832903]",False
370a38a7a7c67f2c,0879361214fdad9f,1,9,nq_only,10,3,30490,9.58896634177,"[8.516814340162817, 11.749013786669826, 8.456611738033782]",False
90a3e20f54388346,0879361214fdad9f,1,9,nq_only,100,3,30490,9.58889648065,"[8.516753352051632, 11.748902432610317, 8.456575082203184]",False
3a42fc72a4748f5a,0879361214fdad9f,1,9,nq_only,1000,3,30490,9.58821507644,"[8.51615628066732, 11.747818570062087, 8.456217441598737]",True
5ceb91f2da9cb7f4,0879361214fdad9f,1,9,cross_market,0.01,3,30490,9.59307623208,"[8.529652741722467, 11.761771286470362, 8.443465938201411]",False
67857f51fe258742,0879361214fdad9f,1,9,cross_market,0.1,3,30490,9.5930760995,"[8.529652528492447, 11.761771183554465, 8.443465854480399]",False
e9859da43a254f63,0879361214fdad9f,1,9,cross_market,1,3,30490,9.59307477383,"[8.529650396553992, 11.761770154347612, 8.443465017391802]",False
a9f29fc137a38303,0879361214fdad9f,1,9,cross_market,10,3,30490,9.59306153132,"[8.529629113242125, 11.76175985749393, 8.443456658629168]",False
0d1921957498d05a,0879361214fdad9f,1,9,cross_market,100,3,30490,9.59293048997,"[8.529419788247486, 11.76165641486483, 8.443374253948225]",False
f3cefb3963ee37dc,0879361214fdad9f,1,9,cross_market,1000,3,30490,9.59172706028,"[8.52759987274879, 11.760580044920845, 8.442644951474248]",True
344933f3bd7c72e7,0879361214fdad9f,1,10,nq_only,0.01,3,31047,12.5199974682,"[11.749026181417484, 8.45661581716345, 17.212982828201962]",False
07ad78993a04892f,0879361214fdad9f,1,10,nq_only,0.1,3,31047,12.5199974183,"[11.749026069722257, 8.456615780405286, 17.212982826067478]",False
21f0bc496225c6d4,0879361214fdad9f,1,10,nq_only,1,3,31047,12.5199969195,"[11.74902495280082, 8.456615412832903, 17.212982804725886]",False
4d02bdc6cee98313,0879361214fdad9f,1,10,nq_only,10,3,31047,12.5199919329,"[11.749013786669826, 8.456611738033782, 17.212982591637445]",False
c8a1c0f9ce77852e,0879361214fdad9f,1,10,nq_only,100,3,31047,12.5199422099,"[11.748902432610317, 8.456575082203184, 17.212980493316515]",False
86e60872e0112cd0,0879361214fdad9f,1,10,nq_only,1000,3,31047,12.5194588076,"[11.747818570062087, 8.456217441598737, 17.21296259144051]",True
817ec4b8891e094d,0879361214fdad9f,1,10,cross_market,0.01,3,31047,12.5190122001,"[11.761771286470362, 8.443465938201411, 17.210357278346248]",False
8f7e10e9292d64b4,0879361214fdad9f,1,10,cross_market,0.1,3,31047,12.5190120051,"[11.761771183554465, 8.443465854480399, 17.21035688532605]",False
377da6e3af594385,0879361214fdad9f,1,10,cross_market,1,3,31047,12.5190100552,"[11.761770154347612, 8.443465017391802, 17.210352955883344]",False
ebb90dbc8160763b,0879361214fdad9f,1,10,cross_market,10,3,31047,12.5189905836,"[11.76175985749393, 8.443456658629168, 17.21031373723523]",False
de4cff7d9c1b39f7,0879361214fdad9f,1,10,cross_market,100,3,31047,12.5187986213,"[11.76165641486483, 8.443374253948225, 17.209928981697097]",False
d40ca4fbc7a08d7a,0879361214fdad9f,1,10,cross_market,1000,3,31047,12.5171066694,"[11.760580044920845, 8.442644951474248, 17.206701702092772]",True
c61b08a24ed65ae1,0879361214fdad9f,1,11,nq_only,0.01,3,31737,20.1473553311,"[8.45661581716345, 17.212982828201962, 33.815737722424764]",False
b43a8fdfa76f91f3,0879361214fdad9f,1,11,nq_only,0.1,3,31737,20.147355295,"[8.456615780405286, 17.212982826067478, 33.815737654275935]",False
cc99cbad8cdd899e,0879361214fdad9f,1,11,nq_only,1,3,31737,20.1473549336,"[8.456615412832903, 17.212982804725886, 33.81573697280577]",False
2e4f0b89f0b814b7,0879361214fdad9f,1,11,nq_only,10,3,31737,20.1473513206,"[8.456611738033782, 17.212982591637445, 33.8157301599169]",False
5cb39848a58c4410,0879361214fdad9f,1,11,nq_only,100,3,31737,20.1473152938,"[8.456575082203184, 17.212980493316515, 33.81566221168748]",False
cdd387e07f15a6b4,0879361214fdad9f,1,11,nq_only,1000,3,31737,20.1469649707,"[8.456217441598737, 17.21296259144051, 33.8150002021305]",True
5c81ab0ef0c9c2c4,0879361214fdad9f,1,11,cross_market,0.01,3,31737,20.1469003714,"[8.443465938201411, 17.210357278346248, 33.82915195983759]",False
7fe504d8e27f97e9,0879361214fdad9f,1,11,cross_market,0.1,3,31737,20.1469002006,"[8.443465854480399, 17.21035688532605, 33.829151921064955]",False
e5bd54f2f24c1d2d,0879361214fdad9f,1,11,cross_market,1,3,31737,20.1468984929,"[8.443465017391802, 17.210352955883344, 33.829151533262745]",False
0247d31012d27074,0879361214fdad9f,1,11,cross_market,10,3,31737,20.1468814418,"[8.443456658629168, 17.21031373723523, 33.829147647651816]",False
8980884d100449ef,0879361214fdad9f,1,11,cross_market,100,3,31737,20.146713515,"[8.443374253948225, 17.209928981697097, 33.82910803421529]",False
90cd7be72a2520a2,0879361214fdad9f,1,11,cross_market,1000,3,31737,20.1452453969,"[8.442644951474248, 17.206701702092772, 33.828639182960636]",True
6f492a8fa917a142,0879361214fdad9f,1,12,nq_only,0.01,3,31889,21.2606831082,"[17.212982828201962, 33.815737722424764, 12.05436739891008]",False
31e0e609a23f7bd9,0879361214fdad9f,1,12,nq_only,0.1,3,31889,21.2606830689,"[17.212982826067478, 33.815737654275935, 12.054367352376657]",False
3bc6458209c130bd,0879361214fdad9f,1,12,nq_only,1,3,31889,21.2606826757,"[17.212982804725886, 33.81573697280577, 12.054366887052371]",False
5682f04ef8a24e72,0879361214fdad9f,1,12,nq_only,10,3,31889,21.2606787448,"[17.212982591637445, 33.8157301599169, 12.054362234802943]",False
410a21275bb56655,0879361214fdad9f,1,12,nq_only,100,3,31889,21.2606395412,"[17.212980493316515, 33.81566221168748, 12.054315811383692]",False
bfc5fcda0c610177,0879361214fdad9f,1,12,nq_only,1000,3,31889,21.2602576812,"[17.21296259144051, 33.8150002021305, 12.053861223647333]",True
2413772861c2a1f7,0879361214fdad9f,1,12,cross_market,0.01,3,31889,21.2548274979,"[17.210357278346248, 33.82915195983759, 12.024783267864814]",False
011982d4f0c74378,0879361214fdad9f,1,12,cross_market,0.1,3,31889,21.2548273505,"[17.21035688532605, 33.829151921064955, 12.024783254867781]",False
eb65ebae6da12b34,0879361214fdad9f,1,12,cross_market,1,3,31889,21.2548258767,"[17.210352955883344, 33.829151533262745, 12.024783124885902]",False
be21fcb247a899b7,0879361214fdad9f,1,12,cross_market,10,3,31889,21.2548111603,"[17.21031373723523, 33.829147647651816, 12.024781823911303]",False
d2bd5f4571a51b24,0879361214fdad9f,1,12,cross_market,100,3,31889,21.2546661522,"[17.209928981697097, 33.82910803421529, 12.024768696660493]",False
75a6dbdad11b44e3,0879361214fdad9f,1,12,cross_market,1000,3,31889,21.2533917182,"[17.206701702092772, 33.828639182960636, 12.024624618407183]",True
f73aa8b8a4745b0b,0879361214fdad9f,1,13,nq_only,0.01,3,32101,22.1823542428,"[33.815737722424764, 12.05436739891008, 20.046363707707638]",False
55f38feba3edec56,0879361214fdad9f,1,13,nq_only,0.1,3,32101,22.1823542109,"[33.815737654275935, 12.054367352376657, 20.046363727238216]",False
8b3a0cb058266de7,0879361214fdad9f,1,13,nq_only,1,3,32101,22.1823538927,"[33.81573697280577, 12.054366887052371, 20.04636392254587]",False
1ca503b3558e36ad,0879361214fdad9f,1,13,nq_only,10,3,32101,22.1823507115,"[33.8157301599169, 12.054362234802943, 20.04636587580905]",False
3f897036064625f2,0879361214fdad9f,1,13,nq_only,100,3,32101,22.1823189996,"[33.81566221168748, 12.054315811383692, 20.04638542698522]",False
b20feef5291dab77,0879361214fdad9f,1,13,nq_only,1000,3,32101,22.182011559,"[33.8150002021305, 12.053861223647333, 20.04658267413145]",True
3fdd326941dab5d9,0879361214fdad9f,1,13,cross_market,0.01,3,32101,22.1997030867,"[33.82915195983759, 12.024783267864814, 20.112998410185163]",False
0ecaf2119cbab4a0,0879361214fdad9f,1,13,cross_market,0.1,3,32101,22.1997030337,"[33.829151921064955, 12.024783254867781, 20.112998304244464]",False
eb39c93d800aa616,0879361214fdad9f,1,13,cross_market,1,3,32101,22.1997025044,"[33.829151533262745, 12.024783124885902, 20.112997244975166]",False
c77bb3150dbbf46c,0879361214fdad9f,1,13,cross_market,10,3,32101,22.1996972127,"[33.829147647651816, 12.024781823911303, 20.112986666026448]",False
e0db77f79c3235ab,0879361214fdad9f,1,13,cross_market,100,3,32101,22.1996444494,"[33.82910803421529, 12.024768696660493, 20.112882224998444]",False
d7b3dca6b5407b83,0879361214fdad9f,1,13,cross_market,1000,3,32101,22.1991256379,"[33.828639182960636, 12.024624618407183, 20.111950919445388]",True
80501638ec844bc0,0879361214fdad9f,1,14,nq_only,0.01,3,32589,23.2370255775,"[12.05436739891008, 20.046363707707638, 36.31474425333666]",False
513a964ee9a8d3fb,0879361214fdad9f,1,14,nq_only,0.1,3,32589,23.2370255579,"[12.054367352376657, 20.046363727238216, 36.314744221643984]",False
cefa91c6ac252d44,0879361214fdad9f,1,14,nq_only,1,3,32589,23.2370253627,"[12.054366887052371, 20.04636392254587, 36.314743904727244]",False
74b4495f92b96560,0879361214fdad9f,1,14,nq_only,10,3,32589,23.2370234113,"[12.054362234802943, 20.04636587580905, 36.31474073656838]",False
23c754a3da484d04,0879361214fdad9f,1,14,nq_only,100,3,32589,23.2370039699,"[12.054315811383692, 20.04638542698522, 36.31470915552339]",False
a0ac4c653cffd99b,0879361214fdad9f,1,14,nq_only,1000,3,32589,23.236816632,"[12.053861223647333, 20.04658267413145, 36.31440309946102]",True
b1aa14ce54b38b3c,0879361214fdad9f,1,14,cross_market,0.01,3,32589,23.2516079463,"[12.024783267864814, 20.112998410185163, 36.32047371729198]",False
3ffcc0e87aae9d33,0879361214fdad9f,1,14,cross_market,0.1,3,32589,23.2516078657,"[12.024783254867781, 20.112998304244464, 36.32047359936839]",False
ef5dfb0b14db7bb8,0879361214fdad9f,1,14,cross_market,1,3,32589,23.2516070596,"[12.024783124885902, 20.112997244975166, 36.320472420272836]",False
f4e853716db577c6,0879361214fdad9f,1,14,cross_market,10,3,32589,23.2515990086,"[12.024781823911303, 20.112986666026448, 36.3204606433243]",False
4f8dd54ad1cf5679,0879361214fdad9f,1,14,cross_market,100,3,32589,23.2515193901,"[12.024768696660493, 20.112882224998444, 36.3203442485677]",False
76674efce854d698,0879361214fdad9f,1,14,cross_market,1000,3,32589,23.2507971709,"[12.024624618407183, 20.111950919445388, 36.319295948171884]",True
dd9a835ec7d2c034,0879361214fdad9f,1,15,nq_only,0.01,3,34026,44.5605871077,"[20.046363707707638, 36.31474425333666, 74.90926903718513]",False
cfaf17cea5c10f98,0879361214fdad9f,1,15,nq_only,0.1,3,34026,44.5605870672,"[20.046363727238216, 36.314744221643984, 74.90926893364427]",False
c76295bae292dfa2,0879361214fdad9f,1,15,nq_only,1,3,34026,44.5605866629,"[20.04636392254587, 36.314743904727244, 74.90926789824448]",False
9ec6c0e0d9ed70d4,0879361214fdad9f,1,15,nq_only,10,3,34026,44.5605826206,"[20.04636587580905, 36.31474073656838, 74.90925754512405]",False
ec8830d5f384d580,0879361214fdad9f,1,15,nq_only,100,3,34026,44.5605422671,"[20.04638542698522, 36.31470915552339, 74.90915410147032]",False
9a9abe0b350ad93e,0879361214fdad9f,1,15,nq_only,1000,3,34026,44.5601455414,"[20.04658267413145, 36.31440309946102, 74.90812822857497]",True
1c041c5abd4fadf7,0879361214fdad9f,1,15,cross_market,0.01,3,34026,44.5302014342,"[20.112998410185163, 36.32047371729198, 74.7553849361769]",True
97b08673dcf71165,0879361214fdad9f,1,15,cross_market,0.1,3,34026,44.5302015788,"[20.112998304244464, 36.32047359936839, 74.75538556430419]",False
799b26347ca53475,0879361214fdad9f,1,15,cross_market,1,3,34026,44.5302030242,"[20.112997244975166, 36.320472420272836, 74.75539184469851]",False
9a8c627f0362e344,0879361214fdad9f,1,15,cross_market,10,3,34026,44.5302174572,"[20.112986666026448, 36.3204606433243, 74.75545456089826]",False
5a18c07fd1e04efc,0879361214fdad9f,1,15,cross_market,100,3,34026,44.5303596723,"[20.112882224998444, 36.3203442485677, 74.75607306035492]",False
4b834959f238c381,0879361214fdad9f,1,15,cross_market,1000,3,34026,44.5315905367,"[20.111950919445388, 36.319295948171884, 74.7614908803261]",False
