trial_id,run_id,resolution_minutes,outer_fold,model,c_value,inner_fold_count,inner_event_count,inner_oof_brier,inner_fold_brier_json,selected
1c62666083301841,5840890d5afe6d1c,5,0,m0,0.01,3,6398,0.246829673733,"[0.24598760149618987, 0.24538953429536117, 0.24924315796110103]",True
06eacf316cf3ada3,5840890d5afe6d1c,5,0,m0,0.1,3,6398,0.24685461988,"[0.2460406482407065, 0.24539123946952976, 0.24926313138142342]",False
41194c51abc82404,5840890d5afe6d1c,5,0,m0,1,3,6398,0.246857354291,"[0.24604670538634985, 0.24539148530083837, 0.24926500272997887]",False
6e4c4f96e81805e2,5840890d5afe6d1c,5,0,m0,10,3,6398,0.246857631685,"[0.2460473196594721, 0.2453915107487777, 0.24926519223631602]",False
203488c8c0ecf4ef,5840890d5afe6d1c,5,0,m1,0.01,3,6398,0.246848262346,"[0.24586824488422693, 0.24545403611297453, 0.24935841443313594]",True
10e4c75d451bc08a,5840890d5afe6d1c,5,0,m1,0.1,3,6398,0.246881729092,"[0.24591992812758862, 0.2454728285139284, 0.2493882422539118]",False
929ac88f2c730dbd,5840890d5afe6d1c,5,0,m1,1,3,6398,0.246885510784,"[0.24592589348793842, 0.24547496861602128, 0.24939146323612743]",False
9e9a0b22bb65419a,5840890d5afe6d1c,5,0,m1,10,3,6398,0.246885894156,"[0.24592649890566362, 0.2454751855187965, 0.2493917891089059]",False
c6d2d3503e86b165,5840890d5afe6d1c,5,1,m0,0.01,3,6381,0.246168642535,"[0.24538953429536117, 0.24924315796110103, 0.24401723124310049]",True
28fb60df9e4af370,5840890d5afe6d1c,5,1,m0,0.1,3,6381,0.246177540072,"[0.24539123946952976, 0.24926313138142342, 0.24402282525553512]",False
ce4a5b6116b2a27c,5840890d5afe6d1c,5,1,m0,1,3,6381,0.246178433015,"[0.24539148530083837, 0.24926500272997887, 0.2440234383011683]",False
543ca5a14ea9bbef,5840890d5afe6d1c,5,1,m0,10,3,6381,0.246178523563,"[0.2453915107487777, 0.24926519223631602, 0.24402350018508098]",False
ba9c692d668d94f1,5840890d5afe6d1c,5,1,m1,0.01,3,6381,0.246230047649,"[0.24545403611297453, 0.24935841443313594, 0.24402397659952416]",True
93bd9fb5f7a18158,5840890d5afe6d1c,5,1,m1,0.1,3,6381,0.246249249966,"[0.2454728285139284, 0.2493882422539118, 0.24403342909638703]",False
7df92f189a4f9984,5840890d5afe6d1c,5,1,m1,1,3,6381,0.246251358614,"[0.24547496861602128, 0.24939146323612743, 0.24403444167483468]",False
db88c5d8c1987644,5840890d5afe6d1c,5,1,m1,10,3,6381,0.246251571928,"[0.2454751855187965, 0.2493917891089059, 0.24403454366602598]",False
9ebfb2c363c0b354,5840890d5afe6d1c,5,2,m0,0.01,3,6277,0.246844467789,"[0.24924315796110103, 0.24401723124310049, 0.24739586402518207]",True
84473e87707695d4,5840890d5afe6d1c,5,2,m0,0.1,3,6277,0.246853280782,"[0.24926313138142342, 0.24402282525553512, 0.24739695266534056]",False
88fa8220e7e615df,5840890d5afe6d1c,5,2,m0,1,3,6277,0.246854148096,"[0.24926500272997887, 0.2440234383011683, 0.24739708848472164]",False
16cea3a4f0d63e91,5840890d5afe6d1c,5,2,m0,10,3,6277,0.246854235899,"[0.24926519223631602, 0.24402350018508098, 0.24739710235968393]",False
69cb563f0e2d81b0,5840890d5afe6d1c,5,2,m1,0.01,3,6277,0.246827617613,"[0.24935841443313594, 0.24402397659952416, 0.2472236800201008]",True
28c01cf0d67f08c7,5840890d5afe6d1c,5,2,m1,0.1,3,6277,0.246841027649,"[0.2493882422539118, 0.24403342909638703, 0.24722492141708874]",False
293a326e1db520da,5840890d5afe6d1c,5,2,m1,1,3,6277,0.246842425736,"[0.24939146323612743, 0.24403444167483468, 0.2472249125740337]",False
60a486d64ef9a209,5840890d5afe6d1c,5,2,m1,10,3,6277,0.246842567145,"[0.2493917891089059, 0.24403454366602598, 0.247224912033519]",False
ca49ffeb21ddc112,5840890d5afe6d1c,5,3,m0,0.01,3,6493,0.244387316057,"[0.24401723124310049, 0.24739586402518207, 0.24198978796076703]",True
feb316980ed7d22f,5840890d5afe6d1c,5,3,m0,0.1,3,6493,0.244390275554,"[0.24402282525553512, 0.24739695266534056, 0.24199196419767255]",False
26f16114916c10ff,5840890d5afe6d1c,5,3,m0,1,3,6493,0.244390609358,"[0.2440234383011683, 0.24739708848472164, 0.24199221469581428]",False
af28779b4d043979,5840890d5afe6d1c,5,3,m0,10,3,6493,0.244390643145,"[0.24402350018508098, 0.24739710235968393, 0.2419922400915368]",False
0693a132e30d0c00,5840890d5afe6d1c,5,3,m1,0.01,3,6493,0.244295227752,"[0.24402397659952416, 0.2472236800201008, 0.241877366666084]",True
013e8ee30133ebdc,5840890d5afe6d1c,5,3,m1,0.1,3,6493,0.244299812969,"[0.24403342909638703, 0.24722492141708874, 0.24188040197788363]",False
90698e3d5d61f642,5840890d5afe6d1c,5,3,m1,1,3,6493,0.244300265867,"[0.24403444167483468, 0.2472249125740337, 0.24188074719526573]",False
799f8cc266cb42fe,5840890d5afe6d1c,5,3,m1,10,3,6493,0.244300311664,"[0.24403454366602598, 0.247224912033519, 0.24188078215965186]",False
6168285e048db19b,5840890d5afe6d1c,5,4,m0,0.01,3,6805,0.240734578289,"[0.24739586402518207, 0.24198978796076703, 0.23395974585835647]",False
056b0c683c0d18fc,5840890d5afe6d1c,5,4,m0,0.1,3,6805,0.240734350399,"[0.24739695266534056, 0.24199196419767255, 0.23395618859601655]",False
5f1375de5bd8daed,5840890d5afe6d1c,5,4,m0,1,3,6805,0.240734322376,"[0.24739708848472164, 0.24199221469581428, 0.23395576531603268]",False
51c7c549a5bd4333,5840890d5afe6d1c,5,4,m0,10,3,6805,0.240734319506,"[0.24739710235968393, 0.2419922400915368, 0.23395572223482522]",True
45230b6371ac3319,5840890d5afe6d1c,5,4,m1,0.01,3,6805,0.239952419303,"[0.2472236800201008, 0.241877366666084, 0.2320450411778064]",False
aebe0bd469308d0f,5840890d5afe6d1c,5,4,m1,0.1,3,6805,0.239942684561,"[0.24722492141708874, 0.24188040197788363, 0.23201426362966268]",False
8fe622488e7ebf75,5840890d5afe6d1c,5,4,m1,1,3,6805,0.239941668671,"[0.2472249125740337, 0.24188074719526573, 0.23201114217330845]",False
d64114016b1eb054,5840890d5afe6d1c,5,4,m1,10,3,6805,0.239941567174,"[0.247224912033519, 0.24188078215965186, 0.23201082958528751]",True
0cb47af8290c02b6,5840890d5afe6d1c,5,5,m0,0.01,3,7029,0.239189381883,"[0.24198978796076703, 0.23395974585835647, 0.24202018363137806]",True
cbc14d50f8d2d6d7,5840890d5afe6d1c,5,5,m0,0.1,3,7029,0.239190252913,"[0.24199196419767255, 0.23395618859601655, 0.2420245052587037]",False
e495ea6fe7101b21,5840890d5afe6d1c,5,5,m0,1,3,7029,0.239190331503,"[0.24199221469581428, 0.23395576531603268, 0.2420249512114097]",False
8cef3f0b06354319,5840890d5afe6d1c,5,5,m0,10,3,7029,0.239190339258,"[0.2419922400915368, 0.23395572223482522, 0.24202499595139393]",False
c65925eb9d1e75fa,5840890d5afe6d1c,5,5,m1,0.01,3,7029,0.238431457009,"[0.241877366666084, 0.2320450411778064, 0.24186266767715933]",False
741fd527a80de739,5840890d5afe6d1c,5,5,m1,0.1,3,7029,0.23842397141,"[0.24188040197788363, 0.23201426362966268, 0.24186971871916102]",False
a3ca3ad0012dcc38,5840890d5afe6d1c,5,5,m1,1,3,7029,0.238423235245,"[0.24188074719526573, 0.23201114217330845, 0.24187046732434203]",False
258b7c541227a13c,5840890d5afe6d1c,5,5,m1,10,3,7029,0.238423161764,"[0.24188078215965186, 0.23201082958528751, 0.24187054263564317]",True
66fd00f200e094cd,5840890d5afe6d1c,5,6,m0,0.01,3,7005,0.239058480569,"[0.23395974585835647, 0.24202018363137806, 0.2416116153045217]",True
0b9860611ba56a59,5840890d5afe6d1c,5,6,m0,0.1,3,7005,0.23905987161,"[0.23395618859601655, 0.2420245052587037, 0.24161542661245802]",False
e4f36c54f1a38287,5840890d5afe6d1c,5,6,m0,1,3,7005,0.239059997944,"[0.23395576531603268, 0.2420249512114097, 0.241615827785356]",False
31740fa8c5e4e545,5840890d5afe6d1c,5,6,m0,10,3,7005,0.239060010426,"[0.23395572223482522, 0.24202499595139393, 0.24161586810924018]",False
27c041f174a0af34,5840890d5afe6d1c,5,6,m1,0.01,3,7005,0.238521172504,"[0.2320450411778064, 0.24186266767715933, 0.24219385926629805]",False
d04de2f51b490f71,5840890d5afe6d1c,5,6,m1,0.1,3,7005,0.238518038389,"[0.23201426362966268, 0.24186971871916102, 0.24221057266003682]",False
830cc1fa8d5f523d,5840890d5afe6d1c,5,6,m1,1,3,7005,0.238517726776,"[0.23201114217330845, 0.24187046732434203, 0.24221225296219367]",False
f9696e1a7ca636b5,5840890d5afe6d1c,5,6,m1,10,3,7005,0.238517695592,"[0.23201082958528751, 0.24187054263564317, 0.24221242094663933]",True
b529c3695311980d,5840890d5afe6d1c,5,7,m0,0.01,3,6756,0.241950968023,"[0.24202018363137806, 0.2416116153045217, 0.24222390700600674]",True
a9e88a3d8ed75e49,5840890d5afe6d1c,5,7,m0,0.1,3,6756,0.241953295582,"[0.2420245052587037, 0.24161542661245802, 0.2422226541247557]",False
4329f428d33ba858,5840890d5afe6d1c,5,7,m0,1,3,6756,0.241953540077,"[0.2420249512114097, 0.241615827785356, 0.2422225300048125]",False
82843521facf2246,5840890d5afe6d1c,5,7,m0,10,3,6756,0.241953564648,"[0.24202499595139393, 0.24161586810924018, 0.2422225176057664]",False
c00e7dee34a7b7b0,5840890d5afe6d1c,5,7,m1,0.01,3,6756,0.242118304034,"[0.24186266767715933, 0.24219385926629805, 0.24230721391169313]",True
923febfa75038b5f,5840890d5afe6d1c,5,7,m1,0.1,3,6756,0.242126706851,"[0.24186971871916102, 0.24221057266003682, 0.24230857580296722]",False
0f4fe6df34228c51,5840890d5afe6d1c,5,7,m1,1,3,6756,0.242127616644,"[0.24187046732434203, 0.24221225296219367, 0.24230887007311327]",False
05fe78b69db1c0f9,5840890d5afe6d1c,5,7,m1,10,3,6756,0.242127707855,"[0.24187054263564317, 0.24221242094663933, 0.24230889978643302]",False
0c15a624ffdefb45,5840890d5afe6d1c,5,8,m0,0.01,3,6654,0.243056692219,"[0.2416116153045217, 0.24222390700600674, 0.24537380329921957]",True
010d6cb2106c17a1,5840890d5afe6d1c,5,8,m0,0.1,3,6654,0.243061999036,"[0.24161542661245802, 0.2422226541247557, 0.24538724486108723]",False
90d93e358d1ecffb,5840890d5afe6d1c,5,8,m0,1,3,6654,0.243062551205,"[0.241615827785356, 0.2422225300048125, 0.24538863244357068]",False
91a0de3bd0292f86,5840890d5afe6d1c,5,8,m0,10,3,6654,0.243062606645,"[0.24161586810924018, 0.2422225176057664, 0.24538877165085332]",False
b3d3e0d498065a2c,5840890d5afe6d1c,5,8,m1,0.01,3,6654,0.24326080144,"[0.24219385926629805, 0.24230721391169313, 0.24531262342849267]",True
483154b8204511c7,5840890d5afe6d1c,5,8,m1,0.1,3,6654,0.243271368097,"[0.24221057266003682, 0.24230857580296722, 0.24532616823752326]",False
41c5a6c74326b521,5840890d5afe6d1c,5,8,m1,1,3,6654,0.243272497758,"[0.24221225296219367, 0.24230887007311327, 0.24532757556680526]",False
7c219bef53ae5200,5840890d5afe6d1c,5,8,m1,10,3,6654,0.243272610984,"[0.24221242094663933, 0.24230889978643302, 0.24532771684445087]",False
50729f09753d1d8f,5840890d5afe6d1c,5,9,m0,0.01,3,6612,0.243864485557,"[0.24222390700600674, 0.24537380329921957, 0.24400637100712788]",True
babf90aae4df8161,5840890d5afe6d1c,5,9,m0,0.1,3,6612,0.24386871876,"[0.2422226541247557, 0.24538724486108723, 0.24400693444625227]",False
96e4fdabd1c756ee,5840890d5afe6d1c,5,9,m0,1,3,6612,0.24386915683,"[0.2422225300048125, 0.24538863244357068, 0.24400699060018552]",False
b218f60e26269a49,5840890d5afe6d1c,5,9,m0,10,3,6612,0.24386920079,"[0.2422225176057664, 0.24538877165085332, 0.24400699621348193]",False
671f99477b35e480,5840890d5afe6d1c,5,9,m1,0.01,3,6612,0.243745410293,"[0.24230721391169313, 0.24531262342849267, 0.24362670378739154]",True
81ed0b7c08b4fa1c,5840890d5afe6d1c,5,9,m1,0.1,3,6612,0.243748849694,"[0.24230857580296722, 0.24532616823752326, 0.24362216218943597]",False
bfa82102e6e98b70,5840890d5afe6d1c,5,9,m1,1,3,6612,0.243749362722,"[0.24230887007311327, 0.24532757556680526, 0.24362200391997005]",False
2e28ec9f0666ac74,5840890d5afe6d1c,5,9,m1,10,3,6612,0.243749414284,"[0.24230889978643302, 0.24532771684445087, 0.24362198803925297]",False
340d18103f220593,5840890d5afe6d1c,5,10,m0,0.01,3,6601,0.243919857764,"[0.24537380329921957, 0.24400637100712788, 0.24238184590090137]",True
3cb1d4fca4f88720,5840890d5afe6d1c,5,10,m0,0.1,3,6601,0.243925355786,"[0.24538724486108723, 0.24400693444625227, 0.24238436062580843]",False
4dc264e79e55fb28,5840890d5afe6d1c,5,10,m0,1,3,6601,0.243925923078,"[0.24538863244357068, 0.24400699060018552, 0.2423846214179946]",False
d04edc122444ea89,5840890d5afe6d1c,5,10,m0,10,3,6601,0.243925979988,"[0.24538877165085332, 0.24400699621348193, 0.24238464759418496]",False
ae3fa0ecdd6250fe,5840890d5afe6d1c,5,10,m1,0.01,3,6601,0.243788002892,"[0.24531262342849267, 0.24362670378739154, 0.24242782008761965]",True
4db9965db75ee08f,5840890d5afe6d1c,5,10,m1,0.1,3,6601,0.243792875973,"[0.24532616823752326, 0.24362216218943597, 0.24243347328110706]",False
cc65cf3f475844e7,5840890d5afe6d1c,5,10,m1,1,3,6601,0.243793487253,"[0.24532757556680526, 0.24362200391997005, 0.2424340612583136]",False
9a65ad6f2b2f71a5,5840890d5afe6d1c,5,10,m1,10,3,6601,0.243793548626,"[0.24532771684445087, 0.24362198803925297, 0.24243412030118025]",False
773afdb08a1c8d4a,5840890d5afe6d1c,5,11,m0,0.01,3,6693,0.240480235996,"[0.24400637100712788, 0.24238184590090137, 0.2352535447838792]",False
81adc799426ea410,5840890d5afe6d1c,5,11,m0,0.1,3,6693,0.240480146476,"[0.24400693444625227, 0.24238436062580843, 0.23525032191271344]",False
1a8563138fcaf942,5840890d5afe6d1c,5,11,m0,1,3,6693,0.240480137524,"[0.24400699060018552, 0.2423846214179946, 0.2352499908445167]",False
6be9f2334aed5cb7,5840890d5afe6d1c,5,11,m0,10,3,6693,0.240480136629,"[0.24400699621348193, 0.24238464759418496, 0.23524995764754664]",True
52678f39be0c5173,5840890d5afe6d1c,5,11,m1,0.01,3,6693,0.240206444458,"[0.24362670378739154, 0.24242782008761965, 0.2347743211155603]",False
2c35e0ee0819902a,5840890d5afe6d1c,5,11,m1,0.1,3,6693,0.240204858697,"[0.24362216218943597, 0.24243347328110706, 0.23476862343187613]",False
91a0fed4e11f7815,5840890d5afe6d1c,5,11,m1,1,3,6693,0.240204799157,"[0.24362200391997005, 0.2424340612583136, 0.23476803642808863]",False
8fee8126ca050f2c,5840890d5afe6d1c,5,11,m1,10,3,6693,0.240204793213,"[0.24362198803925297, 0.24243412030118025, 0.234767977573743]",True
5d76659099dfa004,5840890d5afe6d1c,5,12,m0,0.01,3,6721,0.240067088966,"[0.24238184590090137, 0.2352535447838792, 0.24271864464441542]",True
f018d9af8f7e2610,5840890d5afe6d1c,5,12,m0,0.1,3,6721,0.240067177121,"[0.24238436062580843, 0.23525032191271344, 0.24271973466922253]",False
55d46377ae2e7378,5840890d5afe6d1c,5,12,m0,1,3,6721,0.240067186507,"[0.2423846214179946, 0.2352499908445167, 0.24271984520431572]",False
1042572287a84c3f,5840890d5afe6d1c,5,12,m0,10,3,6721,0.240067187452,"[0.24238464759418496, 0.23524995764754664, 0.24271985627431897]",False
32211ae568967b69,5840890d5afe6d1c,5,12,m1,0.01,3,6721,0.239922246254,"[0.24242782008761965, 0.2347743211155603, 0.24272842192898078]",True
a566be8658daffb1,5840890d5afe6d1c,5,12,m1,0.1,3,6721,0.23992428232,"[0.24243347328110706, 0.23476862343187613, 0.24273481855898343]",False
d9356e9d5d935480,5840890d5afe6d1c,5,12,m1,1,3,6721,0.239924356971,"[0.2424340612583136, 0.23476803642808863, 0.24273506542236192]",False
359fd203e065d901,5840890d5afe6d1c,5,12,m1,10,3,6721,0.239924364471,"[0.24243412030118025, 0.234767977573743, 0.2427350901296812]",False
0081ee458838c664,5840890d5afe6d1c,5,13,m0,0.01,3,6750,0.240485009516,"[0.2352535447838792, 0.24271864464441542, 0.24361730384730235]",True
dc299b71512b57d4,5840890d5afe6d1c,5,13,m0,0.1,3,6750,0.240485087397,"[0.23525032191271344, 0.24271973466922253, 0.24361975588925106]",False
f334a24e10f3ba8f,5840890d5afe6d1c,5,13,m0,1,3,6750,0.240485095068,"[0.2352499908445167, 0.24271984520431572, 0.24362000821751176]",False
b879ff41078858d5,5840890d5afe6d1c,5,13,m0,10,3,6750,0.240485095835,"[0.23524995764754664, 0.24271985627431897, 0.2436200335240566]",False
68c9be881c228da4,5840890d5afe6d1c,5,13,m1,0.01,3,6750,0.240267637899,"[0.2347743211155603, 0.24272842192898078, 0.2434411587868937]",False
c01c6cd8a76972b7,5840890d5afe6d1c,5,13,m1,0.1,3,6750,0.240267637004,"[0.23476862343187613, 0.24273481855898343, 0.2434405964646207]",False
d5bc22cd871e2f61,5840890d5afe6d1c,5,13,m1,1,3,6750,0.240267621574,"[0.23476803642808863, 0.24273506542236192, 0.24344090497527585]",False
8810f251146c7b47,5840890d5afe6d1c,5,13,m1,10,3,6750,0.24026762002,"[0.234767977573743, 0.2427350901296812, 0.2434409359309046]",True
002f159728ad1ecc,5840890d5afe6d1c,5,14,m0,0.01,3,6827,0.241251453675,"[0.24271864464441542, 0.24361730384730235, 0.2376363511525228]",False
fd038b0251ae3835,5840890d5afe6d1c,5,14,m0,0.1,3,6827,0.241251359015,"[0.24271973466922253, 0.24361975588925106, 0.2376327376740692]",False
1020811f8cb6cda3,5840890d5afe6d1c,5,14,m0,1,3,6827,0.241251349982,"[0.24271984520431572, 0.24362000821751176, 0.23763236941693877]",False
da03134066b55234,5840890d5afe6d1c,5,14,m0,10,3,6827,0.241251349084,"[0.24271985627431897, 0.2436200335240566, 0.2376323325205094]",True
33b3cd8fb5f05576,5840890d5afe6d1c,5,14,m1,0.01,3,6827,0.240961516757,"[0.24272842192898078, 0.2434411587868937, 0.2369561800419557]",False
3581aa5cfb43368c,5840890d5afe6d1c,5,14,m1,0.1,3,6827,0.240960858281,"[0.24273481855898343, 0.2434405964646207, 0.2369487696084823]",False
d586f5c34fbccdfe,5840890d5afe6d1c,5,14,m1,1,3,6827,0.240960781097,"[0.24273506542236192, 0.24344090497527585, 0.23694802294641495]",False
9586e7d8a9ee7901,5840890d5afe6d1c,5,14,m1,10,3,6827,0.240960773402,"[0.2427350901296812, 0.2434409359309046, 0.2369479482295979]",True
99d21bd8ab7a275b,5840890d5afe6d1c,5,15,m0,0.01,3,7022,0.237862742604,"[0.24361730384730235, 0.2376363511525228, 0.23280034506417802]",False
1812743c429d2940,5840890d5afe6d1c,5,15,m0,0.1,3,7022,0.237861946733,"[0.24361975588925106, 0.2376327376740692, 0.2327993119779612]",False
b366c02ca5ef72b6,5840890d5afe6d1c,5,15,m0,1,3,7022,0.237861867566,"[0.24362000821751176, 0.23763236941693877, 0.23279921007305934]",False
06c1981856bc587e,5840890d5afe6d1c,5,15,m0,10,3,7022,0.237861859653,"[0.2436200335240566, 0.2376323325205094, 0.23279919989681838]",True
22cdd53341bec147,5840890d5afe6d1c,5,15,m1,0.01,3,7022,0.237538887345,"[0.2434411587868937, 0.2369561800419557, 0.23268795642486814]",False
896f5bc68cfba273,5840890d5afe6d1c,5,15,m1,0.1,3,7022,0.237536255329,"[0.2434405964646207, 0.2369487696084823, 0.23268807877940956]",False
302114822c9cbc10,5840890d5afe6d1c,5,15,m1,1,3,7022,0.237536108747,"[0.24344090497527585, 0.23694802294641495, 0.23268809891371772]",False
2d3348b4ae266b83,5840890d5afe6d1c,5,15,m1,10,3,7022,0.237536094132,"[0.2434409359309046, 0.2369479482295979, 0.2326881010050409]",True
c98f578e518590f9,5840890d5afe6d1c,1,0,m0,0.01,3,30946,0.247934625247,"[0.24559922716757743, 0.24818059435036913, 0.25021828251659295]",False
b6786c0843e22eca,5840890d5afe6d1c,1,0,m0,0.1,3,30946,0.247934170193,"[0.24559645763269752, 0.24818074034188553, 0.250219714048221]",False
8afe53b072f03b38,5840890d5afe6d1c,1,0,m0,1,3,30946,0.247934125551,"[0.24559618135541575, 0.24818075424927435, 0.2502198599068733]",False
4c3f33d08222c0aa,5840890d5afe6d1c,1,0,m0,10,3,30946,0.247934121096,"[0.2455961537353151, 0.24818075563282657, 0.2502198745204738]",True
6e73a9699139a64e,5840890d5afe6d1c,1,0,m1,0.01,3,30946,0.247872862875,"[0.24558845203233112, 0.24820490071454288, 0.2500102737935568]",False
2f4d022fe51ff1fd,5840890d5afe6d1c,1,0,m1,0.1,3,30946,0.247872411195,"[0.24558577991424277, 0.2482056347459265, 0.25001098998145604]",False
82ed8b67bb107ab0,5840890d5afe6d1c,1,0,m1,1,3,30946,0.247872366892,"[0.2455855127646924, 0.2482057080619094, 0.25001106434384845]",False
9426baccd191ca6f,5840890d5afe6d1c,1,0,m1,10,3,30946,0.247872362471,"[0.24558548605124336, 0.24820571539251846, 0.2500110718076063]",True
68c71ca678db8f7b,5840890d5afe6d1c,1,1,m0,0.01,3,30512,0.249041651254,"[0.24818059435036913, 0.25021828251659295, 0.24878421936943085]",True
e17820e1e4b069f7,5840890d5afe6d1c,1,1,m0,0.1,3,30512,0.249042810942,"[0.24818074034188553, 0.250219714048221, 0.24878614162792267]",False
c7f239e2faf006fc,5840890d5afe6d1c,1,1,m0,1,3,30512,0.249042928392,"[0.24818075424927435, 0.2502198599068733, 0.24878633635713837]",False
f08fe81f9ccdeae7,5840890d5afe6d1c,1,1,m0,10,3,30512,0.249042940152,"[0.24818075563282657, 0.2502198745204738, 0.2487863558554609]",False
aa5c096c6a4bfd67,5840890d5afe6d1c,1,1,m1,0.01,3,30512,0.248995555573,"[0.24820490071454288, 0.2500102737935568, 0.2488220639016005]",True
0d501915de8fee39,5840890d5afe6d1c,1,1,m1,0.1,3,30512,0.248996835998,"[0.2482056347459265, 0.25001098998145604, 0.24882443565641435]",False
11effca0998a11ef,5840890d5afe6d1c,1,1,m1,1,3,30512,0.248996965775,"[0.2482057080619094, 0.25001106434384845, 0.24882467543591957]",False
5515d6a8d6e8186b,5840890d5afe6d1c,1,1,m1,10,3,30512,0.24899697877,"[0.24820571539251846, 0.2500110718076063, 0.24882469944025784]",False
bba36f71ad52ec1c,5840890d5afe6d1c,1,2,m0,0.01,3,30212,0.249564154655,"[0.25021828251659295, 0.24878421936943085, 0.24972117929473298]",True
578f7a8e6c5f411e,5840890d5afe6d1c,1,2,m0,0.1,3,30212,0.249565666885,"[0.250219714048221, 0.24878614162792267, 0.24972235186908082]",False
dadfc0fc7c77c20d,5840890d5afe6d1c,1,2,m0,1,3,30212,0.249565820211,"[0.2502198599068733, 0.24878633635713837, 0.24972247023210606]",False
79e6193b34f39101,5840890d5afe6d1c,1,2,m0,10,3,30212,0.249565835565,"[0.2502198745204738, 0.2487863558554609, 0.24972248207983805]",False
8ca8813394ad8433,5840890d5afe6d1c,1,2,m1,0.01,3,30212,0.249466501696,"[0.2500102737935568, 0.2488220639016005, 0.24959303721699921]",True
c4638210fe5e64ce,5840890d5afe6d1c,1,2,m1,0.1,3,30212,0.249467919397,"[0.25001098998145604, 0.24882443565641435, 0.24959416647104032]",False
d5764001654c4571,5840890d5afe6d1c,1,2,m1,1,3,30212,0.249468063418,"[0.25001106434384845, 0.24882467543591957, 0.24959428080633886]",False
6cb6b2cd346f8682,5840890d5afe6d1c,1,2,m1,10,3,30212,0.249468077843,"[0.2500110718076063, 0.24882469944025784, 0.2495942922542753]",False
f2e0183783135d37,5840890d5afe6d1c,1,3,m0,0.01,3,30984,0.248020513533,"[0.24878421936943085, 0.24972117929473298, 0.245666279952549]",True
bb82a1784d8ed3c5,5840890d5afe6d1c,1,3,m0,0.1,3,30984,0.24802103012,"[0.24878614162792267, 0.24972235186908082, 0.245664812001758]",False
dfb4fb6614cdc195,5840890d5afe6d1c,1,3,m0,1,3,30984,0.248021082884,"[0.24878633635713837, 0.24972247023210606, 0.2456646649560238]",False
5780cf15fcdff958,5840890d5afe6d1c,1,3,m0,10,3,30984,0.248021088172,"[0.2487863558554609, 0.24972248207983805, 0.24566465024895662]",False
092aead0ea9d282f,5840890d5afe6d1c,1,3,m1,0.01,3,30984,0.24793574083,"[0.2488220639016005, 0.24959303721699921, 0.2455038802423351]",True
862d885ef3e81bd0,5840890d5afe6d1c,1,3,m1,0.1,3,30984,0.247936358027,"[0.24882443565641435, 0.24959416647104032, 0.2455023115132956]",False
6cc9f221f18c0029,5840890d5afe6d1c,1,3,m1,1,3,30984,0.247936421027,"[0.24882467543591957, 0.24959428080633886, 0.24550215451482785]",False
67e2cd2440d7276f,5840890d5afe6d1c,1,3,m1,10,3,30984,0.24793642734,"[0.24882469944025784, 0.2495942922542753, 0.245502138813722]",False
8ab86356499a7b48,5840890d5afe6d1c,1,4,m0,0.01,3,32376,0.244354629045,"[0.24972117929473298, 0.245666279952549, 0.238530794015746]",False
ac38a1ae72226b9c,5840890d5afe6d1c,1,4,m0,0.1,3,32376,0.244349565309,"[0.24972235186908082, 0.245664812001758, 0.23851707921230358]",False
489aed2694d1d34a,5840890d5afe6d1c,1,4,m0,1,3,32376,0.244349248737,"[0.24972247023210606, 0.2456646649560238, 0.23851623316650222]",False
8bd17936f38a41a8,5840890d5afe6d1c,1,4,m0,10,3,32376,0.244349217067,"[0.24972248207983805, 0.24566465024895662, 0.2385161485174303]",True
fc3ca014649e409f,5840890d5afe6d1c,1,4,m1,0.01,3,32376,0.24385068683,"[0.24959303721699921, 0.2455038802423351, 0.23739202108874066]",False
fbdd7241b5ce1703,5840890d5afe6d1c,1,4,m1,0.1,3,32376,0.243846815882,"[0.24959416647104032, 0.2455023115132956, 0.23738174188635858]",False
9e5599b8378fabcf,5840890d5afe6d1c,1,4,m1,1,3,32376,0.243846427848,"[0.24959428080633886, 0.24550215451482785, 0.23738071026045274]",False
205b051844163b93,5840890d5afe6d1c,1,4,m1,10,3,32376,0.243846389035,"[0.2495942922542753, 0.245502138813722, 0.23738060705915032]",True
70299a6416ebef9d,5840890d5afe6d1c,1,5,m0,0.01,3,33223,0.243020296962,"[0.245666279952549, 0.238530794015746, 0.24524781458290126]",False
5b2e609a9e5afe0d,5840890d5afe6d1c,1,5,m0,0.1,3,33223,0.243015457857,"[0.245664812001758, 0.23851707921230358, 0.24524918675121032]",False
482e3d954a8cd6c0,5840890d5afe6d1c,1,5,m0,1,3,33223,0.243015159286,"[0.2456646649560238, 0.23851623316650222, 0.24524932612930767]",False
d847546969fa2473,5840890d5afe6d1c,1,5,m0,10,3,33223,0.243015129419,"[0.24566465024895662, 0.2385161485174303, 0.2452493400891881]",True
16177d7255206d12,5840890d5afe6d1c,1,5,m1,0.01,3,33223,0.242622437348,"[0.2455038802423351, 0.23739202108874066, 0.24541310830072727]",False
63f7fe9f872038f7,5840890d5afe6d1c,1,5,m1,0.1,3,33223,0.242618897414,"[0.2455023115132956, 0.23738174188635858, 0.24541485645552394]",False
c805e4d682f78480,5840890d5afe6d1c,1,5,m1,1,3,33223,0.242618542705,"[0.24550215451482785, 0.23738071026045274, 0.24541503317861826]",False
dbf6625b9cd6bc3d,5840890d5afe6d1c,1,5,m1,10,3,33223,0.242618507226,"[0.245502138813722, 0.23738060705915032, 0.24541505086811946]",True
6e537cb0fef9d24c,5840890d5afe6d1c,1,6,m0,0.01,3,33155,0.243520538518,"[0.238530794015746, 0.24524781458290126, 0.24725542077100093]",False
a9c29eb9f2cb6b70,5840890d5afe6d1c,1,6,m0,0.1,3,33155,0.24351630471,"[0.23851707921230358, 0.24524918675121032, 0.24725587678730987]",False
e39145b50b29fbc0,5840890d5afe6d1c,1,6,m0,1,3,33155,0.243516067178,"[0.23851623316650222, 0.24524932612930767, 0.24725592254320872]",False
5d66f5749328a929,5840890d5afe6d1c,1,6,m0,10,3,33155,0.243516043416,"[0.2385161485174303, 0.2452493400891881, 0.24725592712038508]",True
2792ac8775325117,5840890d5afe6d1c,1,6,m1,0.01,3,33155,0.243181573358,"[0.23739202108874066, 0.24541310830072727, 0.2472796236098428]",False
a9cf2689c54691cc,5840890d5afe6d1c,1,6,m1,0.1,3,33155,0.243178688581,"[0.23738174188635858, 0.24541485645552394, 0.24728012651927453]",False
3e57914f1b80d8f6,5840890d5afe6d1c,1,6,m1,1,3,33155,0.243178399437,"[0.23738071026045274, 0.24541503317861826, 0.24728017684439024]",False
5b4c5833e5e53d44,5840890d5afe6d1c,1,6,m1,10,3,33155,0.243178370515,"[0.23738060705915032, 0.24541505086811946, 0.2472801818773724]",True
cde53d31813ea667,5840890d5afe6d1c,1,7,m0,0.01,3,31520,0.247383819062,"[0.24524781458290126, 0.24725542077100093, 0.24984226060982762]",True
5d857b11a0e97e41,5840890d5afe6d1c,1,7,m0,0.1,3,31520,0.247385038778,"[0.24524918675121032, 0.24725587678730987, 0.24984411665846448]",False
da6a8010f9c81901,5840890d5afe6d1c,1,7,m0,1,3,31520,0.247385129401,"[0.24524932612930767, 0.24725592254320872, 0.2498442013746605]",False
18e9739d6b9a174b,5840890d5afe6d1c,1,7,m0,10,3,31520,0.247385138473,"[0.2452493400891881, 0.24725592712038508, 0.24984420984962213]",False
e9f6fa88a57d24b1,5840890d5afe6d1c,1,7,m1,0.01,3,31520,0.247364503483,"[0.24541310830072727, 0.2472796236098428, 0.24957641372035402]",True
1a55f026a32d4e6d,5840890d5afe6d1c,1,7,m1,0.1,3,31520,0.247365388308,"[0.24541485645552394, 0.24728012651927453, 0.24957676056003297]",False
5f9ac4eeb6600c0c,5840890d5afe6d1c,1,7,m1,1,3,31520,0.247365477453,"[0.24541503317861826, 0.24728017684439024, 0.24957679521268164]",False
5c4c975afbb5c776,5840890d5afe6d1c,1,7,m1,10,3,31520,0.247365486374,"[0.24541505086811946, 0.2472801818773724, 0.2495767986776461]",False
82d51e24dd431780,5840890d5afe6d1c,1,8,m0,0.01,3,30970,0.24847495242,"[0.24725542077100093, 0.24984226060982762, 0.248391376421722]",True
e2ff574819c3e4b1,5840890d5afe6d1c,1,8,m0,0.1,3,30970,0.248476506433,"[0.24725587678730987, 0.24984411665846448, 0.2483937544732803]",False
192ba7e80356d3df,5840890d5afe6d1c,1,8,m0,1,3,30970,0.248476626794,"[0.24725592254320872, 0.2498442013746605, 0.24839398519347142]",False
df9a5fb15f68de1c,5840890d5afe6d1c,1,8,m0,10,3,30970,0.248476638817,"[0.24725592712038508, 0.24984420984962213, 0.248394008222559]",False
d9f2a9cff0e39da0,5840890d5afe6d1c,1,8,m1,0.01,3,30970,0.248371193217,"[0.2472796236098428, 0.24957641372035402, 0.24831441070169916]",True
9bf4b4bcb8ea211d,5840890d5afe6d1c,1,8,m1,0.1,3,30970,0.248372071036,"[0.24728012651927453, 0.24957676056003297, 0.24831618370746242]",False
429d52975b3c7ac9,5840890d5afe6d1c,1,8,m1,1,3,30970,0.248372159462,"[0.24728017684439024, 0.24957679521268164, 0.2483163629252389]",False
f3be272d034a3103,5840890d5afe6d1c,1,8,m1,10,3,30970,0.248372168311,"[0.2472801818773724, 0.2495767986776461, 0.24831638086636568]",False
2089c0a7d3e160d6,5840890d5afe6d1c,1,9,m0,0.01,3,30703,0.248333748875,"[0.24984226060982762, 0.248391376421722, 0.24680214960533672]",True
ed6a1c6fb12533f1,5840890d5afe6d1c,1,9,m0,0.1,3,30703,0.248335042583,"[0.24984411665846448, 0.2483937544732803, 0.24680179989284645]",False
25d5253b5e53dc51,5840890d5afe6d1c,1,9,m0,1,3,30703,0.248335134983,"[0.2498442013746605, 0.24839398519347142, 0.246801760225793]",False
080270ce572335b6,5840890d5afe6d1c,1,9,m0,10,3,30703,0.248335144199,"[0.24984420984962213, 0.248394008222559, 0.2468017562272611]",False
475d75a8ed1dc91f,5840890d5afe6d1c,1,9,m1,0.01,3,30703,0.248164860471,"[0.24957641372035402, 0.24831441070169916, 0.24663521211761333]",True
2e499723f0a19ee9,5840890d5afe6d1c,1,9,m1,0.1,3,30703,0.248165315675,"[0.24957676056003297, 0.24831618370746242, 0.2466344434467988]",False
9b0f8b4e77c8a782,5840890d5afe6d1c,1,9,m1,1,3,30703,0.248165361682,"[0.24957679521268164, 0.2483163629252389, 0.24663436612711]",False
f5af335c2c8a060b,5840890d5afe6d1c,1,9,m1,10,3,30703,0.248165366287,"[0.2495767986776461, 0.24831638086636568, 0.2466343583906227]",False
5733b849dda6d33a,5840890d5afe6d1c,1,10,m0,0.01,3,31271,0.24724653701,"[0.248391376421722, 0.24680214960533672, 0.24655776787574443]",True
e2d03c860be1cb56,5840890d5afe6d1c,1,10,m0,0.1,3,31271,0.247247568035,"[0.2483937544732803, 0.24680179989284645, 0.24655881976243135]",False
f44c817aa3b3cc5a,5840890d5afe6d1c,1,10,m0,1,3,31271,0.247247667769,"[0.24839398519347142, 0.246801760225793, 0.24655892650259587]",False
88f59804dade74da,5840890d5afe6d1c,1,10,m0,10,3,31271,0.247247677723,"[0.248394008222559, 0.2468017562272611, 0.24655893719234676]",False
320d0b337e1ca94d,5840890d5afe6d1c,1,10,m1,0.01,3,31271,0.247008335593,"[0.24831441070169916, 0.24663521211761333, 0.24609286191848498]",True
457c7a45f4752967,5840890d5afe6d1c,1,10,m1,0.1,3,31271,0.247008858516,"[0.24831618370746242, 0.2466344434467988, 0.24609341411196023]",False
fa7cbfa13f02c454,5840890d5afe6d1c,1,10,m1,1,3,31271,0.247008911683,"[0.2483163629252389, 0.24663436612711, 0.24609347047187202]",False
88cda65b92c7eb8b,5840890d5afe6d1c,1,10,m1,10,3,31271,0.247008917009,"[0.24831638086636568, 0.2466343583906227, 0.24609347611948]",False
e134787dd6a73cbd,5840890d5afe6d1c,1,11,m0,0.01,3,31957,0.245012312869,"[0.24680214960533672, 0.24655776787574443, 0.24186593249487076]",False
a9847afac8cea2fa,5840890d5afe6d1c,1,11,m0,0.1,3,31957,0.245012146799,"[0.24680179989284645, 0.24655881976243135, 0.24186476872554913]",False
9b3920d74c2a2a9a,5840890d5afe6d1c,1,11,m0,1,3,31957,0.245012129116,"[0.246801760225793, 0.24655892650259587, 0.2418646521171031]",False
72110faa38d8cc21,5840890d5afe6d1c,1,11,m0,10,3,31957,0.245012127342,"[0.2468017562272611, 0.24655893719234676, 0.2418646404539508]",True
5dbae8da5b476e52,5840890d5afe6d1c,1,11,m1,0.01,3,31957,0.244691065714,"[0.24663521211761333, 0.24609286191848498, 0.24153905714513363]",False
f55fff634ddefd8f,5840890d5afe6d1c,1,11,m1,0.1,3,31957,0.244690762294,"[0.2466344434467988, 0.24609341411196023, 0.2415383654048453]",False
5639768e1c9478a7,5840890d5afe6d1c,1,11,m1,1,3,31957,0.244690732305,"[0.24663436612711, 0.24609347047187202, 0.2415382965780903]",False
6a421c48a31b0370,5840890d5afe6d1c,1,11,m1,10,3,31957,0.24469072931,"[0.2466343583906227, 0.24609347611948, 0.24153828969898453]",True
9d1094515c3330ea,5840890d5afe6d1c,1,12,m0,0.01,3,32103,0.245071577815,"[0.24655776787574443, 0.24186593249487076, 0.24695952484815487]",True
c77b19bced3e41f2,5840890d5afe6d1c,1,12,m0,0.1,3,32103,0.245071790357,"[0.24655881976243135, 0.24186476872554913, 0.24696034316379098]",False
0a509a9897e5208d,5840890d5afe6d1c,1,12,m0,1,3,32103,0.24507181223,"[0.24655892650259587, 0.2418646521171031, 0.24696042556710163]",False
4ad6ba79cc0763f8,5840890d5afe6d1c,1,12,m0,10,3,32103,0.245071814423,"[0.24655893719234676, 0.2418646404539508, 0.24696043381323024]",False
6a5dccc02311d61a,5840890d5afe6d1c,1,12,m1,0.01,3,32103,0.244727365485,"[0.24609286191848498, 0.24153905714513363, 0.2467197347153636]",True
bcb4ddaf98bdc783,5840890d5afe6d1c,1,12,m1,0.1,3,32103,0.244727515401,"[0.24609341411196023, 0.2415383654048453, 0.24672036803717431]",False
65ede914fad444b1,5840890d5afe6d1c,1,12,m1,1,3,32103,0.244727531249,"[0.24609347047187202, 0.2415382965780903, 0.24672043247620062]",False
5d685e293ac579f6,5840890d5afe6d1c,1,12,m1,10,3,32103,0.244727532843,"[0.24609347611948, 0.24153828969898453, 0.2467204389313268]",False
2352cc28b74ea6fd,5840890d5afe6d1c,1,13,m0,0.01,3,32305,0.244649690635,"[0.24186593249487076, 0.24695952484815487, 0.24526968985223485]",True
3270581e46fd8c97,5840890d5afe6d1c,1,13,m0,0.1,3,32305,0.244649873558,"[0.24186476872554913, 0.24696034316379098, 0.2452706375817695]",False
d3b84c99c47c7f54,5840890d5afe6d1c,1,13,m0,1,3,32305,0.244649892213,"[0.2418646521171031, 0.24696042556710163, 0.2452707331222785]",False
737918a37d71b9e2,5840890d5afe6d1c,1,13,m0,10,3,32305,0.244649894082,"[0.2418646404539508, 0.24696043381323024, 0.2452707426840845]",False
c750e89a9199ea39,5840890d5afe6d1c,1,13,m1,0.01,3,32305,0.244383640383,"[0.24153905714513363, 0.2467197347153636, 0.2450405344066133]",True
1a189a98ac43ddc7,5840890d5afe6d1c,1,13,m1,0.1,3,32305,0.244383870916,"[0.2415383654048453, 0.24672036803717431, 0.24504131991470418]",False
8ca93edc0c792137,5840890d5afe6d1c,1,13,m1,1,3,32305,0.244383894685,"[0.2415382965780903, 0.24672043247620062, 0.2450413991824782]",False
9757e817a7479659,5840890d5afe6d1c,1,13,m1,10,3,32305,0.244383897069,"[0.24153828969898453, 0.2467204389313268, 0.245041407116495]",False
05715a5a0680bf81,5840890d5afe6d1c,1,14,m0,0.01,3,32800,0.244071755601,"[0.24695952484815487, 0.24526968985223485, 0.24034492281832545]",False
6ff43cab6390e1b1,5840890d5afe6d1c,1,14,m0,0.1,3,32800,0.244071735832,"[0.24696034316379098, 0.2452706375817695, 0.240343241466185]",False
7eda8284b90ee9f3,5840890d5afe6d1c,1,14,m0,1,3,32800,0.244071734092,"[0.24696042556710163, 0.2452707331222785, 0.240343072770298]",False
ba9f851cbba6b2e1,5840890d5afe6d1c,1,14,m0,10,3,32800,0.244071733921,"[0.24696043381323024, 0.2452707426840845, 0.24034305589507832]",True
5b93d8c46f2ee3c9,5840890d5afe6d1c,1,14,m1,0.01,3,32800,0.243766470441,"[0.2467197347153636, 0.2450405344066133, 0.23990929982161321]",False
3ad6494f451ec0d1,5840890d5afe6d1c,1,14,m1,0.1,3,32800,0.243766366814,"[0.24672036803717431, 0.24504131991470418, 0.23990769920230098]",False
0da434b49a4ad5d4,5840890d5afe6d1c,1,14,m1,1,3,32800,0.243766356915,"[0.24672043247620062, 0.2450413991824782, 0.2399075387870518]",False
d81fb20bbb960ad1,5840890d5afe6d1c,1,14,m1,10,3,32800,0.24376635593,"[0.2467204389313268, 0.245041407116495, 0.23990752274198116]",True
83b92c143701ec60,5840890d5afe6d1c,1,15,m0,0.01,3,34255,0.240188644603,"[0.24526968985223485, 0.24034492281832545, 0.23541310348381933]",False
6ebca238726162ba,5840890d5afe6d1c,1,15,m0,0.1,3,34255,0.240187295191,"[0.2452706375817695, 0.240343241466185, 0.2354099865653201]",False
ae11d695a67bc971,5840890d5afe6d1c,1,15,m0,1,3,34255,0.240187159915,"[0.2452707331222785, 0.240343072770298, 0.23540967375471913]",False
162b9d7bbd6fc7f4,5840890d5afe6d1c,1,15,m0,10,3,34255,0.240187146384,"[0.2452707426840845, 0.24034305589507832, 0.2354096424624001]",True
acd685c18f80c7fb,5840890d5afe6d1c,1,15,m1,0.01,3,34255,0.239999000471,"[0.2450405344066133, 0.23990929982161321, 0.23549862369767782]",False
a9e4baec4b3fbdb8,5840890d5afe6d1c,1,15,m1,0.1,3,34255,0.239997895386,"[0.24504131991470418, 0.23990769920230098, 0.23549628014243656]",False
ffc93f4333debc80,5840890d5afe6d1c,1,15,m1,1,3,34255,0.239997784624,"[0.2450413991824782, 0.2399075387870518, 0.23549604474681624]",False
2f7608ec5193fdc9,5840890d5afe6d1c,1,15,m1,10,3,34255,0.239997773545,"[0.245041407116495, 0.23990752274198116, 0.23549602119675125]",True
