model,mean_squared_error,root_mean_squared_error_bps,mean_absolute_error_bps,resolution_minutes,fold,train_session_start,train_session_end,purge_session,validation_session_start,validation_session_end,train_session_count,validation_session_count,train_event_count,validation_event_count,selected_alpha
benchmark,197.510277055,14.053834959,10.3265251794,5,0,2024-07-01,2025-02-19,2025-02-21,2025-02-24,2025-04-01,130,22,5336,1036,
nq_only,197.938914842,14.0690765454,10.3715834379,5,0,2024-07-01,2025-02-19,2025-02-21,2025-02-24,2025-04-01,130,22,5336,1036,1000
cross_market,197.870379089,14.0666406469,10.3758047231,5,0,2024-07-01,2025-02-19,2025-02-21,2025-02-24,2025-04-01,130,22,5336,1036,1000
benchmark,651.528323589,25.5250528616,15.3439770817,5,1,2024-07-01,2025-03-31,2025-04-01,2025-04-02,2025-05-09,152,22,6365,1057,
nq_only,650.1908787,25.4988407325,15.3332598174,5,1,2024-07-01,2025-03-31,2025-04-01,2025-04-02,2025-05-09,152,22,6365,1057,1000
cross_market,650.659644119,25.508030973,15.3403974109,5,1,2024-07-01,2025-03-31,2025-04-01,2025-04-02,2025-05-09,152,22,6365,1057,1000
benchmark,68.2773704701,8.26301219109,5.94616206103,5,2,2024-07-01,2025-05-07,2025-05-09,2025-05-12,2025-06-20,174,22,7426,915,
nq_only,69.6119938171,8.34338023927,5.95841534866,5,2,2024-07-01,2025-05-07,2025-05-09,2025-05-12,2025-06-20,174,22,7426,915,0.01
cross_market,70.4839179541,8.39547008536,5.98060113317,5,2,2024-07-01,2025-05-07,2025-05-09,2025-05-12,2025-06-20,174,22,7426,915,0.01
benchmark,32.7023123121,5.71859356067,3.99225215626,5,3,2024-07-01,2025-06-17,2025-06-20,2025-06-23,2025-07-29,196,22,8341,864,
nq_only,33.7652051993,5.81078352714,4.06025916801,5,3,2024-07-01,2025-06-17,2025-06-20,2025-06-23,2025-07-29,196,22,8341,864,0.01
cross_market,33.6220105378,5.7984489769,4.05486914352,5,3,2024-07-01,2025-06-17,2025-06-20,2025-06-23,2025-07-29,196,22,8341,864,100
benchmark,37.6450253216,6.13555419841,4.50479703593,5,4,2024-07-01,2025-07-28,2025-07-29,2025-07-30,2025-09-08,218,22,9208,950,
nq_only,37.4998008172,6.12370809373,4.48594954254,5,4,2024-07-01,2025-07-28,2025-07-29,2025-07-30,2025-09-08,218,22,9208,950,0.01
cross_market,37.4873033978,6.12268759597,4.49351917667,5,4,2024-07-01,2025-07-28,2025-07-29,2025-07-30,2025-09-08,218,22,9208,950,100
benchmark,61.2156208155,7.82404120743,5.00705284128,5,5,2024-07-01,2025-09-05,2025-09-08,2025-09-09,2025-10-16,240,22,10159,914,
nq_only,62.4583358378,7.90305863814,5.06824943957,5,5,2024-07-01,2025-09-05,2025-09-08,2025-09-09,2025-10-16,240,22,10159,914,1000
cross_market,63.0046800005,7.93754874004,5.08800990459,5,5,2024-07-01,2025-09-05,2025-09-08,2025-09-09,2025-10-16,240,22,10159,914,1000
benchmark,108.592217953,10.4207589912,7.31630369081,5,6,2024-07-01,2025-10-14,2025-10-16,2025-10-17,2025-11-24,262,22,11059,982,
nq_only,108.686438975,10.425278844,7.3241253682,5,6,2024-07-01,2025-10-14,2025-10-16,2025-10-17,2025-11-24,262,22,11059,982,1000
cross_market,108.863109945,10.4337486046,7.32868993035,5,6,2024-07-01,2025-10-14,2025-10-16,2025-10-17,2025-11-24,262,22,11059,982,1000
benchmark,52.2061953689,7.22538548237,5.01639086916,5,7,2024-07-01,2025-11-21,2025-11-24,2025-11-25,2025-12-31,284,22,12062,893,
nq_only,52.087988573,7.21720088213,5.01080984637,5,7,2024-07-01,2025-11-21,2025-11-24,2025-11-25,2025-12-31,284,22,12062,893,1000
cross_market,52.0767691747,7.21642357229,5.0089031458,5,7,2024-07-01,2025-11-21,2025-11-24,2025-11-25,2025-12-31,284,22,12062,893,1000
benchmark,61.0090854435,7.81083129017,5.48971260278,5,8,2024-07-01,2025-12-30,2025-12-31,2026-01-02,2026-02-03,306,22,12945,892,
nq_only,60.7600761527,7.79487499276,5.47294734448,5,8,2024-07-01,2025-12-30,2025-12-31,2026-01-02,2026-02-03,306,22,12945,892,1000
cross_market,60.8269087804,7.79916077411,5.48487032215,5,8,2024-07-01,2025-12-30,2025-12-31,2026-01-02,2026-02-03,306,22,12945,892,1000
benchmark,100.651375436,10.0325159076,7.42051032432,5,9,2024-07-01,2026-02-02,2026-02-03,2026-02-04,2026-03-06,328,22,13834,939,
nq_only,101.102561854,10.0549769693,7.37824224609,5,9,2024-07-01,2026-02-02,2026-02-03,2026-02-04,2026-03-06,328,22,13834,939,1000
cross_market,101.094800183,10.0545910003,7.38502197233,5,9,2024-07-01,2026-02-02,2026-02-03,2026-02-04,2026-03-06,328,22,13834,939,1000
benchmark,107.556607876,10.3709501916,7.52200978737,5,10,2024-07-01,2026-03-05,2026-03-06,2026-03-09,2026-04-09,350,22,14771,996,
nq_only,107.751196131,10.3803273614,7.53027400926,5,10,2024-07-01,2026-03-05,2026-03-06,2026-03-09,2026-04-09,350,22,14771,996,1000
cross_market,107.996474554,10.3921352259,7.53646867923,5,10,2024-07-01,2026-03-05,2026-03-06,2026-03-09,2026-04-09,350,22,14771,996,100
benchmark,50.9465994844,7.13768866541,5.14965272806,5,11,2024-07-01,2026-04-08,2026-04-09,2026-04-10,2026-05-11,372,22,15766,926,
nq_only,51.5090099769,7.17697777459,5.19667081238,5,11,2024-07-01,2026-04-08,2026-04-09,2026-04-10,2026-05-11,372,22,15766,926,1000
cross_market,51.6602397508,7.18750580875,5.20125477729,5,11,2024-07-01,2026-04-08,2026-04-09,2026-04-10,2026-05-11,372,22,15766,926,1000
benchmark,192.992316054,13.8921674354,10.2996919164,1,0,2024-07-01,2025-02-19,2025-02-21,2025-02-24,2025-04-01,130,22,26291,5154,
nq_only,192.948522056,13.8905911341,10.304968151,1,0,2024-07-01,2025-02-19,2025-02-21,2025-02-24,2025-04-01,130,22,26291,5154,1000
cross_market,193.035334611,13.8937156517,10.3087306457,1,0,2024-07-01,2025-02-19,2025-02-21,2025-02-24,2025-04-01,130,22,26291,5154,1000
benchmark,703.432048394,26.5222934226,15.6033054454,1,1,2024-07-01,2025-03-31,2025-04-01,2025-04-02,2025-05-09,152,22,31398,5112,
nq_only,700.293208885,26.4630536576,15.5752778089,1,1,2024-07-01,2025-03-31,2025-04-01,2025-04-02,2025-05-09,152,22,31398,5112,1000
cross_market,699.967115515,26.456891645,15.5737297117,1,1,2024-07-01,2025-03-31,2025-04-01,2025-04-02,2025-05-09,152,22,31398,5112,1000
benchmark,59.5253412216,7.71526676283,5.55765694306,1,2,2024-07-01,2025-05-07,2025-05-09,2025-05-12,2025-06-20,174,22,36542,4488,
nq_only,60.1694741318,7.75689848662,5.5844309632,1,2,2024-07-01,2025-05-07,2025-05-09,2025-05-12,2025-06-20,174,22,36542,4488,0.01
cross_market,60.0525635875,7.74935891461,5.5791994202,1,2,2024-07-01,2025-05-07,2025-05-09,2025-05-12,2025-06-20,174,22,36542,4488,0.01
benchmark,35.4168308908,5.95120415469,4.14119116063,1,3,2024-07-01,2025-06-17,2025-06-20,2025-06-23,2025-07-29,196,22,41047,4237,
nq_only,36.2088528007,6.01737923026,4.20257538973,1,3,2024-07-01,2025-06-17,2025-06-20,2025-06-23,2025-07-29,196,22,41047,4237,0.01
cross_market,36.3235758061,6.02690433026,4.20777427246,1,3,2024-07-01,2025-06-17,2025-06-20,2025-06-23,2025-07-29,196,22,41047,4237,0.01
benchmark,40.4262821063,6.35816656799,4.67487975022,1,4,2024-07-01,2025-07-28,2025-07-29,2025-07-30,2025-09-08,218,22,45279,4598,
nq_only,40.6267281237,6.37390995573,4.68114396112,1,4,2024-07-01,2025-07-28,2025-07-29,2025-07-30,2025-09-08,218,22,45279,4598,0.01
cross_market,40.6517480194,6.375872334,4.68320439561,1,4,2024-07-01,2025-07-28,2025-07-29,2025-07-30,2025-09-08,218,22,45279,4598,0.01
benchmark,66.5911735009,8.16034150639,5.12536235911,1,5,2024-07-01,2025-09-05,2025-09-08,2025-09-09,2025-10-16,240,22,49887,4481,
nq_only,68.1158825632,8.25323467273,5.18492761538,1,5,2024-07-01,2025-09-05,2025-09-08,2025-09-09,2025-10-16,240,22,49887,4481,1000
cross_market,68.3420020544,8.26692216332,5.18833780081,1,5,2024-07-01,2025-09-05,2025-09-08,2025-09-09,2025-10-16,240,22,49887,4481,1000
benchmark,112.655384836,10.6139241017,7.3089867211,1,6,2024-07-01,2025-10-14,2025-10-16,2025-10-17,2025-11-24,262,22,54317,4826,
nq_only,112.873792721,10.6242078632,7.31953122105,1,6,2024-07-01,2025-10-14,2025-10-16,2025-10-17,2025-11-24,262,22,54317,4826,1000
cross_market,113.026022489,10.6313697372,7.32735782262,1,6,2024-07-01,2025-10-14,2025-10-16,2025-10-17,2025-11-24,262,22,54317,4826,1000
benchmark,54.0312449755,7.35059487222,5.09420541552,1,7,2024-07-01,2025-11-21,2025-11-24,2025-11-25,2025-12-31,284,22,59189,4228,
nq_only,53.9394016458,7.34434487519,5.10172686816,1,7,2024-07-01,2025-11-21,2025-11-24,2025-11-25,2025-12-31,284,22,59189,4228,1000
cross_market,53.8934832847,7.34121810633,5.10788568294,1,7,2024-07-01,2025-11-21,2025-11-24,2025-11-25,2025-12-31,284,22,59189,4228,1000
benchmark,65.3957632244,8.08676469451,5.58269702518,1,8,2024-07-01,2025-12-30,2025-12-31,2026-01-02,2026-02-03,306,22,63421,4415,
nq_only,65.1510303689,8.0716188196,5.58209073827,1,8,2024-07-01,2025-12-30,2025-12-31,2026-01-02,2026-02-03,306,22,63421,4415,1000
cross_market,65.2526182309,8.0779092735,5.59392722183,1,8,2024-07-01,2025-12-30,2025-12-31,2026-01-02,2026-02-03,306,22,63421,4415,1000
benchmark,108.538183354,10.4181660264,7.66398441984,1,9,2024-07-01,2026-02-02,2026-02-03,2026-02-04,2026-03-06,328,22,67798,4743,
nq_only,108.745276957,10.4281003523,7.6631750209,1,9,2024-07-01,2026-02-02,2026-02-03,2026-02-04,2026-03-06,328,22,67798,4743,1000
cross_market,108.475870433,10.4151750073,7.66021603918,1,9,2024-07-01,2026-02-02,2026-02-03,2026-02-04,2026-03-06,328,22,67798,4743,1000
benchmark,118.93399211,10.9056862283,7.67228451725,1,10,2024-07-01,2026-03-05,2026-03-06,2026-03-09,2026-04-09,350,22,72538,4927,
nq_only,119.223870529,10.9189683821,7.70634339861,1,10,2024-07-01,2026-03-05,2026-03-06,2026-03-09,2026-04-09,350,22,72538,4927,1000
cross_market,119.235415149,10.9194970191,7.70620415311,1,10,2024-07-01,2026-03-05,2026-03-06,2026-03-09,2026-04-09,350,22,72538,4927,1000
benchmark,48.7604919923,6.98287132864,5.07308731035,1,11,2024-07-01,2026-04-08,2026-04-09,2026-04-10,2026-05-11,372,22,77485,4696,
nq_only,49.1532856478,7.01094042535,5.09404155654,1,11,2024-07-01,2026-04-08,2026-04-09,2026-04-10,2026-05-11,372,22,77485,4696,1000
cross_market,49.2676545058,7.01909214256,5.09724983595,1,11,2024-07-01,2026-04-08,2026-04-09,2026-04-10,2026-05-11,372,22,77485,4696,1000
